PRAGMA foreign_keys = OFF;
DELETE FROM `video_sources`;
DELETE FROM `subtitles`;
DELETE FROM `comments`;
DELETE FROM `watch_history`;
DELETE FROM `bookmarks`;
DELETE FROM `episodes`;
DELETE FROM `anime_genres`;
DELETE FROM `anime`;
DELETE FROM `genres`;
DELETE FROM `anime_statuses`;
DELETE FROM `anime_types`;
DELETE FROM `video_qualities`;
DELETE FROM `video_formats`;
INSERT INTO `anime_statuses` (`id`, `name`) VALUES ('completed', 'Completed'), ('ongoing', 'Ongoing'), ('upcoming', 'Upcoming'), ('hiatus', 'Hiatus');
INSERT INTO `anime_types` (`id`, `name`) VALUES ('TV', 'TV'), ('Movie', 'Movie'), ('OVA', 'OVA'), ('ONA', 'ONA'), ('Special', 'Special');
INSERT INTO `video_qualities` (`id`, `name`) VALUES ('360p', '360p'), ('480p', '480p'), ('720p', '720p'), ('1080p', '1080p');
INSERT INTO `video_formats` (`id`, `name`) VALUES ('mp4', 'MP4'), ('hls', 'HLS'), ('dash', 'DASH');
INSERT INTO `genres` (`id`, `name`, `slug`) VALUES (1, 'Action', 'action');
INSERT INTO `genres` (`id`, `name`, `slug`) VALUES (2, 'Adventure', 'adventure');
INSERT INTO `genres` (`id`, `name`, `slug`) VALUES (3, 'Comedy', 'comedy');
INSERT INTO `genres` (`id`, `name`, `slug`) VALUES (4, 'Drama', 'drama');
INSERT INTO `genres` (`id`, `name`, `slug`) VALUES (5, 'Fantasy', 'fantasy');
INSERT INTO `genres` (`id`, `name`, `slug`) VALUES (6, 'Horror', 'horror');
INSERT INTO `genres` (`id`, `name`, `slug`) VALUES (7, 'Mystery', 'mystery');
INSERT INTO `genres` (`id`, `name`, `slug`) VALUES (8, 'Psychological', 'psychological');
INSERT INTO `genres` (`id`, `name`, `slug`) VALUES (9, 'Romance', 'romance');
INSERT INTO `genres` (`id`, `name`, `slug`) VALUES (10, 'Sci-Fi', 'sci-fi');
INSERT INTO `genres` (`id`, `name`, `slug`) VALUES (11, 'Slice of Life', 'slice-of-life');
INSERT INTO `genres` (`id`, `name`, `slug`) VALUES (12, 'Sports', 'sports');
INSERT INTO `genres` (`id`, `name`, `slug`) VALUES (13, 'Supernatural', 'supernatural');
INSERT INTO `genres` (`id`, `name`, `slug`) VALUES (14, 'Thriller', 'thriller');
INSERT INTO `anime` (`id`, `slug`, `title`, `synopsis`, `status_id`, `type_id`, `rating`, `score`, `year`, `season_id`, `poster_key`, `banner_key`, `total_episodes`, `created_at`, `updated_at`) VALUES ('anime-sl-s1', 'solo-leveling', 'Solo Leveling', 'Synopsis for Solo Leveling. High performance streaming simulation.', 'completed', 'TV', 'PG-13', 8.7, 2024, 'spring', '/demo/demo-potrait.webp', '/demo/demo-landscape.webp', 12, (strftime('%s', 'now')), (strftime('%s', 'now')));
INSERT INTO `anime_genres` (`anime_id`, `genre_id`) VALUES ('anime-sl-s1', 1);
INSERT INTO `anime_genres` (`anime_id`, `genre_id`) VALUES ('anime-sl-s1', 2);
INSERT INTO `anime_genres` (`anime_id`, `genre_id`) VALUES ('anime-sl-s1', 5);
INSERT INTO `anime` (`id`, `slug`, `title`, `synopsis`, `status_id`, `type_id`, `rating`, `score`, `year`, `season_id`, `poster_key`, `banner_key`, `total_episodes`, `created_at`, `updated_at`) VALUES ('anime-jjk-s2', 'jujutsu-kaisen-s2', 'Jujutsu Kaisen Season 2', 'Synopsis for Jujutsu Kaisen Season 2. High performance streaming simulation.', 'completed', 'TV', 'PG-13', 8.8, 2023, 'spring', '/demo/demo-potrait.webp', '/demo/demo-landscape.webp', 12, (strftime('%s', 'now')), (strftime('%s', 'now')));
INSERT INTO `anime_genres` (`anime_id`, `genre_id`) VALUES ('anime-jjk-s2', 1);
INSERT INTO `anime_genres` (`anime_id`, `genre_id`) VALUES ('anime-jjk-s2', 13);
INSERT INTO `anime` (`id`, `slug`, `title`, `synopsis`, `status_id`, `type_id`, `rating`, `score`, `year`, `season_id`, `poster_key`, `banner_key`, `total_episodes`, `created_at`, `updated_at`) VALUES ('anime-csm-m1', 'chainsaw-man-movie', 'Chainsaw Man - The Movie: Reze Arc', 'Synopsis for Chainsaw Man - The Movie: Reze Arc. High performance streaming simulation.', 'ongoing', 'TV', 'PG-13', 8.9, 2024, 'spring', '/demo/demo-potrait.webp', '/demo/demo-landscape.webp', 1, (strftime('%s', 'now')), (strftime('%s', 'now')));
INSERT INTO `anime_genres` (`anime_id`, `genre_id`) VALUES ('anime-csm-m1', 1);
INSERT INTO `anime_genres` (`anime_id`, `genre_id`) VALUES ('anime-csm-m1', 13);
INSERT INTO `anime` (`id`, `slug`, `title`, `synopsis`, `status_id`, `type_id`, `rating`, `score`, `year`, `season_id`, `poster_key`, `banner_key`, `total_episodes`, `created_at`, `updated_at`) VALUES ('anime-onk', 'oshi-no-ko', 'Oshi no Ko', 'Synopsis for Oshi no Ko. High performance streaming simulation.', 'completed', 'TV', 'PG-13', 8.5, 2023, 'spring', '/demo/demo-potrait.webp', '/demo/demo-landscape.webp', 11, (strftime('%s', 'now')), (strftime('%s', 'now')));
INSERT INTO `anime_genres` (`anime_id`, `genre_id`) VALUES ('anime-onk', 4);
INSERT INTO `anime_genres` (`anime_id`, `genre_id`) VALUES ('anime-onk', 13);
INSERT INTO `anime` (`id`, `slug`, `title`, `synopsis`, `status_id`, `type_id`, `rating`, `score`, `year`, `season_id`, `poster_key`, `banner_key`, `total_episodes`, `created_at`, `updated_at`) VALUES ('anime-cyber', 'cyberpunk-edgerunners', 'Cyberpunk: Edgerunners', 'Synopsis for Cyberpunk: Edgerunners. High performance streaming simulation.', 'completed', 'TV', 'PG-13', 8.6, 2022, 'spring', '/demo/demo-potrait.webp', '/demo/demo-landscape.webp', 10, (strftime('%s', 'now')), (strftime('%s', 'now')));
INSERT INTO `anime_genres` (`anime_id`, `genre_id`) VALUES ('anime-cyber', 1);
INSERT INTO `anime_genres` (`anime_id`, `genre_id`) VALUES ('anime-cyber', 10);
INSERT INTO `anime` (`id`, `slug`, `title`, `synopsis`, `status_id`, `type_id`, `rating`, `score`, `year`, `season_id`, `poster_key`, `banner_key`, `total_episodes`, `created_at`, `updated_at`) VALUES ('anime-frieren', 'frieren-beyond-journeys-end', 'Frieren: Beyond Journey&apos;s End', 'Synopsis for Frieren: Beyond Journey&apos;s End. High performance streaming simulation.', 'completed', 'TV', 'PG-13', 9.1, 2023, 'spring', '/demo/demo-potrait.webp', '/demo/demo-landscape.webp', 12, (strftime('%s', 'now')), (strftime('%s', 'now')));
INSERT INTO `anime_genres` (`anime_id`, `genre_id`) VALUES ('anime-frieren', 2);
INSERT INTO `anime_genres` (`anime_id`, `genre_id`) VALUES ('anime-frieren', 5);
INSERT INTO `anime` (`id`, `slug`, `title`, `synopsis`, `status_id`, `type_id`, `rating`, `score`, `year`, `season_id`, `poster_key`, `banner_key`, `total_episodes`, `created_at`, `updated_at`) VALUES ('anime-sxf', 'spy-x-family', 'Spy x Family', 'Synopsis for Spy x Family. High performance streaming simulation.', 'completed', 'TV', 'PG-13', 8.5, 2022, 'spring', '/demo/demo-potrait.webp', '/demo/demo-landscape.webp', 12, (strftime('%s', 'now')), (strftime('%s', 'now')));
INSERT INTO `anime_genres` (`anime_id`, `genre_id`) VALUES ('anime-sxf', 1);
INSERT INTO `anime_genres` (`anime_id`, `genre_id`) VALUES ('anime-sxf', 3);
INSERT INTO `anime` (`id`, `slug`, `title`, `synopsis`, `status_id`, `type_id`, `rating`, `score`, `year`, `season_id`, `poster_key`, `banner_key`, `total_episodes`, `created_at`, `updated_at`) VALUES ('anime-aot', 'attack-on-titan', 'Attack on Titan', 'Synopsis for Attack on Titan. High performance streaming simulation.', 'completed', 'TV', 'PG-13', 9, 2013, 'spring', '/demo/demo-potrait.webp', '/demo/demo-landscape.webp', 12, (strftime('%s', 'now')), (strftime('%s', 'now')));
INSERT INTO `anime_genres` (`anime_id`, `genre_id`) VALUES ('anime-aot', 1);
INSERT INTO `anime_genres` (`anime_id`, `genre_id`) VALUES ('anime-aot', 4);
INSERT INTO `anime` (`id`, `slug`, `title`, `synopsis`, `status_id`, `type_id`, `rating`, `score`, `year`, `season_id`, `poster_key`, `banner_key`, `total_episodes`, `created_at`, `updated_at`) VALUES ('anime-ds', 'demon-slayer', 'Demon Slayer: Kimetsu no Yaiba', 'Synopsis for Demon Slayer: Kimetsu no Yaiba. High performance streaming simulation.', 'completed', 'TV', 'PG-13', 8.6, 2019, 'spring', '/demo/demo-potrait.webp', '/demo/demo-landscape.webp', 12, (strftime('%s', 'now')), (strftime('%s', 'now')));
INSERT INTO `anime_genres` (`anime_id`, `genre_id`) VALUES ('anime-ds', 1);
INSERT INTO `anime_genres` (`anime_id`, `genre_id`) VALUES ('anime-ds', 13);
INSERT INTO `anime` (`id`, `slug`, `title`, `synopsis`, `status_id`, `type_id`, `rating`, `score`, `year`, `season_id`, `poster_key`, `banner_key`, `total_episodes`, `created_at`, `updated_at`) VALUES ('anime-vinland', 'vinland-saga', 'Vinland Saga', 'Synopsis for Vinland Saga. High performance streaming simulation.', 'completed', 'TV', 'PG-13', 8.8, 2019, 'spring', '/demo/demo-potrait.webp', '/demo/demo-landscape.webp', 12, (strftime('%s', 'now')), (strftime('%s', 'now')));
INSERT INTO `anime_genres` (`anime_id`, `genre_id`) VALUES ('anime-vinland', 1);
INSERT INTO `anime_genres` (`anime_id`, `genre_id`) VALUES ('anime-vinland', 2);
INSERT INTO `anime_genres` (`anime_id`, `genre_id`) VALUES ('anime-vinland', 4);
INSERT INTO `anime` (`id`, `slug`, `title`, `synopsis`, `status_id`, `type_id`, `rating`, `score`, `year`, `season_id`, `poster_key`, `banner_key`, `total_episodes`, `created_at`, `updated_at`) VALUES ('anime-mha', 'my-hero-academia', 'My Hero Academia', 'Synopsis for My Hero Academia. High performance streaming simulation.', 'ongoing', 'TV', 'PG-13', 8, 2016, 'spring', '/demo/demo-potrait.webp', '/demo/demo-landscape.webp', 12, (strftime('%s', 'now')), (strftime('%s', 'now')));
INSERT INTO `anime_genres` (`anime_id`, `genre_id`) VALUES ('anime-mha', 1);
INSERT INTO `anime_genres` (`anime_id`, `genre_id`) VALUES ('anime-mha', 3);
INSERT INTO `anime` (`id`, `slug`, `title`, `synopsis`, `status_id`, `type_id`, `rating`, `score`, `year`, `season_id`, `poster_key`, `banner_key`, `total_episodes`, `created_at`, `updated_at`) VALUES ('anime-haikyu', 'haikyu', 'Haikyu!!', 'Synopsis for Haikyu!!. High performance streaming simulation.', 'completed', 'TV', 'PG-13', 8.7, 2014, 'spring', '/demo/demo-potrait.webp', '/demo/demo-landscape.webp', 12, (strftime('%s', 'now')), (strftime('%s', 'now')));
INSERT INTO `anime_genres` (`anime_id`, `genre_id`) VALUES ('anime-haikyu', 3);
INSERT INTO `anime_genres` (`anime_id`, `genre_id`) VALUES ('anime-haikyu', 12);
INSERT INTO `anime` (`id`, `slug`, `title`, `synopsis`, `status_id`, `type_id`, `rating`, `score`, `year`, `season_id`, `poster_key`, `banner_key`, `total_episodes`, `created_at`, `updated_at`) VALUES ('anime-bluelock', 'blue-lock', 'Blue Lock', 'Synopsis for Blue Lock. High performance streaming simulation.', 'ongoing', 'TV', 'PG-13', 8.3, 2022, 'spring', '/demo/demo-potrait.webp', '/demo/demo-landscape.webp', 12, (strftime('%s', 'now')), (strftime('%s', 'now')));
INSERT INTO `anime_genres` (`anime_id`, `genre_id`) VALUES ('anime-bluelock', 1);
INSERT INTO `anime_genres` (`anime_id`, `genre_id`) VALUES ('anime-bluelock', 12);
INSERT INTO `anime` (`id`, `slug`, `title`, `synopsis`, `status_id`, `type_id`, `rating`, `score`, `year`, `season_id`, `poster_key`, `banner_key`, `total_episodes`, `created_at`, `updated_at`) VALUES ('anime-hellp', 'hells-paradise', 'Hell&apos;s Paradise', 'Synopsis for Hell&apos;s Paradise. High performance streaming simulation.', 'completed', 'TV', 'PG-13', 8.2, 2023, 'spring', '/demo/demo-potrait.webp', '/demo/demo-landscape.webp', 12, (strftime('%s', 'now')), (strftime('%s', 'now')));
INSERT INTO `anime_genres` (`anime_id`, `genre_id`) VALUES ('anime-hellp', 1);
INSERT INTO `anime_genres` (`anime_id`, `genre_id`) VALUES ('anime-hellp', 2);
INSERT INTO `anime_genres` (`anime_id`, `genre_id`) VALUES ('anime-hellp', 13);
INSERT INTO `anime` (`id`, `slug`, `title`, `synopsis`, `status_id`, `type_id`, `rating`, `score`, `year`, `season_id`, `poster_key`, `banner_key`, `total_episodes`, `created_at`, `updated_at`) VALUES ('anime-mushoku', 'mushoku-tensei', 'Mushoku Tensei: Jobless Reincarnation', 'Synopsis for Mushoku Tensei: Jobless Reincarnation. High performance streaming simulation.', 'ongoing', 'TV', 'PG-13', 8.7, 2021, 'spring', '/demo/demo-potrait.webp', '/demo/demo-landscape.webp', 12, (strftime('%s', 'now')), (strftime('%s', 'now')));
INSERT INTO `anime_genres` (`anime_id`, `genre_id`) VALUES ('anime-mushoku', 2);
INSERT INTO `anime_genres` (`anime_id`, `genre_id`) VALUES ('anime-mushoku', 5);
INSERT INTO `episodes` (`id`, `anime_id`, `episode_number`, `title`, `synopsis`, `duration_seconds`, `thumbnail_key`, `view_count`, `created_at`) VALUES ('ep-anime-sl-s1-1', 'anime-sl-s1', 1, 'Episode 1', 'Detailed synopsis for episode 1.', 1440, '/demo/demo-landscape.webp', 0, (strftime('%s', 'now')));
INSERT INTO `video_sources` (`id`, `episode_id`, `quality_id`, `format_id`, `url`, `file_key`, `is_primary`, `created_at`) VALUES ('src-ep-anime-sl-s1-1-360p', 'ep-anime-sl-s1-1', '360p', 'mp4', 'https://cdn.zenith.dyzulk.net.eu.org/anime/demo/episode/1/360p.mp4', 'demo/360p.mp4', 0, (strftime('%s', 'now')));
INSERT INTO `video_sources` (`id`, `episode_id`, `quality_id`, `format_id`, `url`, `file_key`, `is_primary`, `created_at`) VALUES ('src-ep-anime-sl-s1-1-480p', 'ep-anime-sl-s1-1', '480p', 'mp4', 'https://cdn.zenith.dyzulk.net.eu.org/anime/demo/episode/1/480p.mp4', 'demo/480p.mp4', 0, (strftime('%s', 'now')));
INSERT INTO `video_sources` (`id`, `episode_id`, `quality_id`, `format_id`, `url`, `file_key`, `is_primary`, `created_at`) VALUES ('src-ep-anime-sl-s1-1-720p', 'ep-anime-sl-s1-1', '720p', 'mp4', 'https://cdn.zenith.dyzulk.net.eu.org/anime/demo/episode/1/720p.mp4', 'demo/720p.mp4', 0, (strftime('%s', 'now')));
INSERT INTO `video_sources` (`id`, `episode_id`, `quality_id`, `format_id`, `url`, `file_key`, `is_primary`, `created_at`) VALUES ('src-ep-anime-sl-s1-1-1080p', 'ep-anime-sl-s1-1', '1080p', 'mp4', 'https://cdn.zenith.dyzulk.net.eu.org/anime/demo/episode/1/1080p.mp4', 'demo/1080p.mp4', 1, (strftime('%s', 'now')));
INSERT INTO `episodes` (`id`, `anime_id`, `episode_number`, `title`, `synopsis`, `duration_seconds`, `thumbnail_key`, `view_count`, `created_at`) VALUES ('ep-anime-sl-s1-2', 'anime-sl-s1', 2, 'Episode 2', 'Detailed synopsis for episode 2.', 1440, '/demo/demo-landscape.webp', 0, (strftime('%s', 'now')));
INSERT INTO `video_sources` (`id`, `episode_id`, `quality_id`, `format_id`, `url`, `file_key`, `is_primary`, `created_at`) VALUES ('src-ep-anime-sl-s1-2-360p', 'ep-anime-sl-s1-2', '360p', 'mp4', 'https://cdn.zenith.dyzulk.net.eu.org/anime/demo/episode/1/360p.mp4', 'demo/360p.mp4', 0, (strftime('%s', 'now')));
INSERT INTO `video_sources` (`id`, `episode_id`, `quality_id`, `format_id`, `url`, `file_key`, `is_primary`, `created_at`) VALUES ('src-ep-anime-sl-s1-2-480p', 'ep-anime-sl-s1-2', '480p', 'mp4', 'https://cdn.zenith.dyzulk.net.eu.org/anime/demo/episode/1/480p.mp4', 'demo/480p.mp4', 0, (strftime('%s', 'now')));
INSERT INTO `video_sources` (`id`, `episode_id`, `quality_id`, `format_id`, `url`, `file_key`, `is_primary`, `created_at`) VALUES ('src-ep-anime-sl-s1-2-720p', 'ep-anime-sl-s1-2', '720p', 'mp4', 'https://cdn.zenith.dyzulk.net.eu.org/anime/demo/episode/1/720p.mp4', 'demo/720p.mp4', 0, (strftime('%s', 'now')));
INSERT INTO `video_sources` (`id`, `episode_id`, `quality_id`, `format_id`, `url`, `file_key`, `is_primary`, `created_at`) VALUES ('src-ep-anime-sl-s1-2-1080p', 'ep-anime-sl-s1-2', '1080p', 'mp4', 'https://cdn.zenith.dyzulk.net.eu.org/anime/demo/episode/1/1080p.mp4', 'demo/1080p.mp4', 1, (strftime('%s', 'now')));
INSERT INTO `episodes` (`id`, `anime_id`, `episode_number`, `title`, `synopsis`, `duration_seconds`, `thumbnail_key`, `view_count`, `created_at`) VALUES ('ep-anime-sl-s1-3', 'anime-sl-s1', 3, 'Episode 3', 'Detailed synopsis for episode 3.', 1440, '/demo/demo-landscape.webp', 0, (strftime('%s', 'now')));
INSERT INTO `video_sources` (`id`, `episode_id`, `quality_id`, `format_id`, `url`, `file_key`, `is_primary`, `created_at`) VALUES ('src-ep-anime-sl-s1-3-360p', 'ep-anime-sl-s1-3', '360p', 'mp4', 'https://cdn.zenith.dyzulk.net.eu.org/anime/demo/episode/1/360p.mp4', 'demo/360p.mp4', 0, (strftime('%s', 'now')));
INSERT INTO `video_sources` (`id`, `episode_id`, `quality_id`, `format_id`, `url`, `file_key`, `is_primary`, `created_at`) VALUES ('src-ep-anime-sl-s1-3-480p', 'ep-anime-sl-s1-3', '480p', 'mp4', 'https://cdn.zenith.dyzulk.net.eu.org/anime/demo/episode/1/480p.mp4', 'demo/480p.mp4', 0, (strftime('%s', 'now')));
INSERT INTO `video_sources` (`id`, `episode_id`, `quality_id`, `format_id`, `url`, `file_key`, `is_primary`, `created_at`) VALUES ('src-ep-anime-sl-s1-3-720p', 'ep-anime-sl-s1-3', '720p', 'mp4', 'https://cdn.zenith.dyzulk.net.eu.org/anime/demo/episode/1/720p.mp4', 'demo/720p.mp4', 0, (strftime('%s', 'now')));
INSERT INTO `video_sources` (`id`, `episode_id`, `quality_id`, `format_id`, `url`, `file_key`, `is_primary`, `created_at`) VALUES ('src-ep-anime-sl-s1-3-1080p', 'ep-anime-sl-s1-3', '1080p', 'mp4', 'https://cdn.zenith.dyzulk.net.eu.org/anime/demo/episode/1/1080p.mp4', 'demo/1080p.mp4', 1, (strftime('%s', 'now')));
INSERT INTO `episodes` (`id`, `anime_id`, `episode_number`, `title`, `synopsis`, `duration_seconds`, `thumbnail_key`, `view_count`, `created_at`) VALUES ('ep-anime-sl-s1-4', 'anime-sl-s1', 4, 'Episode 4', 'Detailed synopsis for episode 4.', 1440, '/demo/demo-landscape.webp', 0, (strftime('%s', 'now')));
INSERT INTO `video_sources` (`id`, `episode_id`, `quality_id`, `format_id`, `url`, `file_key`, `is_primary`, `created_at`) VALUES ('src-ep-anime-sl-s1-4-360p', 'ep-anime-sl-s1-4', '360p', 'mp4', 'https://cdn.zenith.dyzulk.net.eu.org/anime/demo/episode/1/360p.mp4', 'demo/360p.mp4', 0, (strftime('%s', 'now')));
INSERT INTO `video_sources` (`id`, `episode_id`, `quality_id`, `format_id`, `url`, `file_key`, `is_primary`, `created_at`) VALUES ('src-ep-anime-sl-s1-4-480p', 'ep-anime-sl-s1-4', '480p', 'mp4', 'https://cdn.zenith.dyzulk.net.eu.org/anime/demo/episode/1/480p.mp4', 'demo/480p.mp4', 0, (strftime('%s', 'now')));
INSERT INTO `video_sources` (`id`, `episode_id`, `quality_id`, `format_id`, `url`, `file_key`, `is_primary`, `created_at`) VALUES ('src-ep-anime-sl-s1-4-720p', 'ep-anime-sl-s1-4', '720p', 'mp4', 'https://cdn.zenith.dyzulk.net.eu.org/anime/demo/episode/1/720p.mp4', 'demo/720p.mp4', 0, (strftime('%s', 'now')));
INSERT INTO `video_sources` (`id`, `episode_id`, `quality_id`, `format_id`, `url`, `file_key`, `is_primary`, `created_at`) VALUES ('src-ep-anime-sl-s1-4-1080p', 'ep-anime-sl-s1-4', '1080p', 'mp4', 'https://cdn.zenith.dyzulk.net.eu.org/anime/demo/episode/1/1080p.mp4', 'demo/1080p.mp4', 1, (strftime('%s', 'now')));
INSERT INTO `episodes` (`id`, `anime_id`, `episode_number`, `title`, `synopsis`, `duration_seconds`, `thumbnail_key`, `view_count`, `created_at`) VALUES ('ep-anime-sl-s1-5', 'anime-sl-s1', 5, 'Episode 5', 'Detailed synopsis for episode 5.', 1440, '/demo/demo-landscape.webp', 0, (strftime('%s', 'now')));
INSERT INTO `video_sources` (`id`, `episode_id`, `quality_id`, `format_id`, `url`, `file_key`, `is_primary`, `created_at`) VALUES ('src-ep-anime-sl-s1-5-360p', 'ep-anime-sl-s1-5', '360p', 'mp4', 'https://cdn.zenith.dyzulk.net.eu.org/anime/demo/episode/1/360p.mp4', 'demo/360p.mp4', 0, (strftime('%s', 'now')));
INSERT INTO `video_sources` (`id`, `episode_id`, `quality_id`, `format_id`, `url`, `file_key`, `is_primary`, `created_at`) VALUES ('src-ep-anime-sl-s1-5-480p', 'ep-anime-sl-s1-5', '480p', 'mp4', 'https://cdn.zenith.dyzulk.net.eu.org/anime/demo/episode/1/480p.mp4', 'demo/480p.mp4', 0, (strftime('%s', 'now')));
INSERT INTO `video_sources` (`id`, `episode_id`, `quality_id`, `format_id`, `url`, `file_key`, `is_primary`, `created_at`) VALUES ('src-ep-anime-sl-s1-5-720p', 'ep-anime-sl-s1-5', '720p', 'mp4', 'https://cdn.zenith.dyzulk.net.eu.org/anime/demo/episode/1/720p.mp4', 'demo/720p.mp4', 0, (strftime('%s', 'now')));
INSERT INTO `video_sources` (`id`, `episode_id`, `quality_id`, `format_id`, `url`, `file_key`, `is_primary`, `created_at`) VALUES ('src-ep-anime-sl-s1-5-1080p', 'ep-anime-sl-s1-5', '1080p', 'mp4', 'https://cdn.zenith.dyzulk.net.eu.org/anime/demo/episode/1/1080p.mp4', 'demo/1080p.mp4', 1, (strftime('%s', 'now')));
INSERT INTO `episodes` (`id`, `anime_id`, `episode_number`, `title`, `synopsis`, `duration_seconds`, `thumbnail_key`, `view_count`, `created_at`) VALUES ('ep-anime-sl-s1-6', 'anime-sl-s1', 6, 'Episode 6', 'Detailed synopsis for episode 6.', 1440, '/demo/demo-landscape.webp', 0, (strftime('%s', 'now')));
INSERT INTO `video_sources` (`id`, `episode_id`, `quality_id`, `format_id`, `url`, `file_key`, `is_primary`, `created_at`) VALUES ('src-ep-anime-sl-s1-6-360p', 'ep-anime-sl-s1-6', '360p', 'mp4', 'https://cdn.zenith.dyzulk.net.eu.org/anime/demo/episode/1/360p.mp4', 'demo/360p.mp4', 0, (strftime('%s', 'now')));
INSERT INTO `video_sources` (`id`, `episode_id`, `quality_id`, `format_id`, `url`, `file_key`, `is_primary`, `created_at`) VALUES ('src-ep-anime-sl-s1-6-480p', 'ep-anime-sl-s1-6', '480p', 'mp4', 'https://cdn.zenith.dyzulk.net.eu.org/anime/demo/episode/1/480p.mp4', 'demo/480p.mp4', 0, (strftime('%s', 'now')));
INSERT INTO `video_sources` (`id`, `episode_id`, `quality_id`, `format_id`, `url`, `file_key`, `is_primary`, `created_at`) VALUES ('src-ep-anime-sl-s1-6-720p', 'ep-anime-sl-s1-6', '720p', 'mp4', 'https://cdn.zenith.dyzulk.net.eu.org/anime/demo/episode/1/720p.mp4', 'demo/720p.mp4', 0, (strftime('%s', 'now')));
INSERT INTO `video_sources` (`id`, `episode_id`, `quality_id`, `format_id`, `url`, `file_key`, `is_primary`, `created_at`) VALUES ('src-ep-anime-sl-s1-6-1080p', 'ep-anime-sl-s1-6', '1080p', 'mp4', 'https://cdn.zenith.dyzulk.net.eu.org/anime/demo/episode/1/1080p.mp4', 'demo/1080p.mp4', 1, (strftime('%s', 'now')));
INSERT INTO `episodes` (`id`, `anime_id`, `episode_number`, `title`, `synopsis`, `duration_seconds`, `thumbnail_key`, `view_count`, `created_at`) VALUES ('ep-anime-sl-s1-7', 'anime-sl-s1', 7, 'Episode 7', 'Detailed synopsis for episode 7.', 1440, '/demo/demo-landscape.webp', 0, (strftime('%s', 'now')));
INSERT INTO `video_sources` (`id`, `episode_id`, `quality_id`, `format_id`, `url`, `file_key`, `is_primary`, `created_at`) VALUES ('src-ep-anime-sl-s1-7-360p', 'ep-anime-sl-s1-7', '360p', 'mp4', 'https://cdn.zenith.dyzulk.net.eu.org/anime/demo/episode/1/360p.mp4', 'demo/360p.mp4', 0, (strftime('%s', 'now')));
INSERT INTO `video_sources` (`id`, `episode_id`, `quality_id`, `format_id`, `url`, `file_key`, `is_primary`, `created_at`) VALUES ('src-ep-anime-sl-s1-7-480p', 'ep-anime-sl-s1-7', '480p', 'mp4', 'https://cdn.zenith.dyzulk.net.eu.org/anime/demo/episode/1/480p.mp4', 'demo/480p.mp4', 0, (strftime('%s', 'now')));
INSERT INTO `video_sources` (`id`, `episode_id`, `quality_id`, `format_id`, `url`, `file_key`, `is_primary`, `created_at`) VALUES ('src-ep-anime-sl-s1-7-720p', 'ep-anime-sl-s1-7', '720p', 'mp4', 'https://cdn.zenith.dyzulk.net.eu.org/anime/demo/episode/1/720p.mp4', 'demo/720p.mp4', 0, (strftime('%s', 'now')));
INSERT INTO `video_sources` (`id`, `episode_id`, `quality_id`, `format_id`, `url`, `file_key`, `is_primary`, `created_at`) VALUES ('src-ep-anime-sl-s1-7-1080p', 'ep-anime-sl-s1-7', '1080p', 'mp4', 'https://cdn.zenith.dyzulk.net.eu.org/anime/demo/episode/1/1080p.mp4', 'demo/1080p.mp4', 1, (strftime('%s', 'now')));
INSERT INTO `episodes` (`id`, `anime_id`, `episode_number`, `title`, `synopsis`, `duration_seconds`, `thumbnail_key`, `view_count`, `created_at`) VALUES ('ep-anime-sl-s1-8', 'anime-sl-s1', 8, 'Episode 8', 'Detailed synopsis for episode 8.', 1440, '/demo/demo-landscape.webp', 0, (strftime('%s', 'now')));
INSERT INTO `video_sources` (`id`, `episode_id`, `quality_id`, `format_id`, `url`, `file_key`, `is_primary`, `created_at`) VALUES ('src-ep-anime-sl-s1-8-360p', 'ep-anime-sl-s1-8', '360p', 'mp4', 'https://cdn.zenith.dyzulk.net.eu.org/anime/demo/episode/1/360p.mp4', 'demo/360p.mp4', 0, (strftime('%s', 'now')));
INSERT INTO `video_sources` (`id`, `episode_id`, `quality_id`, `format_id`, `url`, `file_key`, `is_primary`, `created_at`) VALUES ('src-ep-anime-sl-s1-8-480p', 'ep-anime-sl-s1-8', '480p', 'mp4', 'https://cdn.zenith.dyzulk.net.eu.org/anime/demo/episode/1/480p.mp4', 'demo/480p.mp4', 0, (strftime('%s', 'now')));
INSERT INTO `video_sources` (`id`, `episode_id`, `quality_id`, `format_id`, `url`, `file_key`, `is_primary`, `created_at`) VALUES ('src-ep-anime-sl-s1-8-720p', 'ep-anime-sl-s1-8', '720p', 'mp4', 'https://cdn.zenith.dyzulk.net.eu.org/anime/demo/episode/1/720p.mp4', 'demo/720p.mp4', 0, (strftime('%s', 'now')));
INSERT INTO `video_sources` (`id`, `episode_id`, `quality_id`, `format_id`, `url`, `file_key`, `is_primary`, `created_at`) VALUES ('src-ep-anime-sl-s1-8-1080p', 'ep-anime-sl-s1-8', '1080p', 'mp4', 'https://cdn.zenith.dyzulk.net.eu.org/anime/demo/episode/1/1080p.mp4', 'demo/1080p.mp4', 1, (strftime('%s', 'now')));
INSERT INTO `episodes` (`id`, `anime_id`, `episode_number`, `title`, `synopsis`, `duration_seconds`, `thumbnail_key`, `view_count`, `created_at`) VALUES ('ep-anime-sl-s1-9', 'anime-sl-s1', 9, 'Episode 9', 'Detailed synopsis for episode 9.', 1440, '/demo/demo-landscape.webp', 0, (strftime('%s', 'now')));
INSERT INTO `video_sources` (`id`, `episode_id`, `quality_id`, `format_id`, `url`, `file_key`, `is_primary`, `created_at`) VALUES ('src-ep-anime-sl-s1-9-360p', 'ep-anime-sl-s1-9', '360p', 'mp4', 'https://cdn.zenith.dyzulk.net.eu.org/anime/demo/episode/1/360p.mp4', 'demo/360p.mp4', 0, (strftime('%s', 'now')));
INSERT INTO `video_sources` (`id`, `episode_id`, `quality_id`, `format_id`, `url`, `file_key`, `is_primary`, `created_at`) VALUES ('src-ep-anime-sl-s1-9-480p', 'ep-anime-sl-s1-9', '480p', 'mp4', 'https://cdn.zenith.dyzulk.net.eu.org/anime/demo/episode/1/480p.mp4', 'demo/480p.mp4', 0, (strftime('%s', 'now')));
INSERT INTO `video_sources` (`id`, `episode_id`, `quality_id`, `format_id`, `url`, `file_key`, `is_primary`, `created_at`) VALUES ('src-ep-anime-sl-s1-9-720p', 'ep-anime-sl-s1-9', '720p', 'mp4', 'https://cdn.zenith.dyzulk.net.eu.org/anime/demo/episode/1/720p.mp4', 'demo/720p.mp4', 0, (strftime('%s', 'now')));
INSERT INTO `video_sources` (`id`, `episode_id`, `quality_id`, `format_id`, `url`, `file_key`, `is_primary`, `created_at`) VALUES ('src-ep-anime-sl-s1-9-1080p', 'ep-anime-sl-s1-9', '1080p', 'mp4', 'https://cdn.zenith.dyzulk.net.eu.org/anime/demo/episode/1/1080p.mp4', 'demo/1080p.mp4', 1, (strftime('%s', 'now')));
INSERT INTO `episodes` (`id`, `anime_id`, `episode_number`, `title`, `synopsis`, `duration_seconds`, `thumbnail_key`, `view_count`, `created_at`) VALUES ('ep-anime-sl-s1-10', 'anime-sl-s1', 10, 'Episode 10', 'Detailed synopsis for episode 10.', 1440, '/demo/demo-landscape.webp', 0, (strftime('%s', 'now')));
INSERT INTO `video_sources` (`id`, `episode_id`, `quality_id`, `format_id`, `url`, `file_key`, `is_primary`, `created_at`) VALUES ('src-ep-anime-sl-s1-10-360p', 'ep-anime-sl-s1-10', '360p', 'mp4', 'https://cdn.zenith.dyzulk.net.eu.org/anime/demo/episode/1/360p.mp4', 'demo/360p.mp4', 0, (strftime('%s', 'now')));
INSERT INTO `video_sources` (`id`, `episode_id`, `quality_id`, `format_id`, `url`, `file_key`, `is_primary`, `created_at`) VALUES ('src-ep-anime-sl-s1-10-480p', 'ep-anime-sl-s1-10', '480p', 'mp4', 'https://cdn.zenith.dyzulk.net.eu.org/anime/demo/episode/1/480p.mp4', 'demo/480p.mp4', 0, (strftime('%s', 'now')));
INSERT INTO `video_sources` (`id`, `episode_id`, `quality_id`, `format_id`, `url`, `file_key`, `is_primary`, `created_at`) VALUES ('src-ep-anime-sl-s1-10-720p', 'ep-anime-sl-s1-10', '720p', 'mp4', 'https://cdn.zenith.dyzulk.net.eu.org/anime/demo/episode/1/720p.mp4', 'demo/720p.mp4', 0, (strftime('%s', 'now')));
INSERT INTO `video_sources` (`id`, `episode_id`, `quality_id`, `format_id`, `url`, `file_key`, `is_primary`, `created_at`) VALUES ('src-ep-anime-sl-s1-10-1080p', 'ep-anime-sl-s1-10', '1080p', 'mp4', 'https://cdn.zenith.dyzulk.net.eu.org/anime/demo/episode/1/1080p.mp4', 'demo/1080p.mp4', 1, (strftime('%s', 'now')));
INSERT INTO `episodes` (`id`, `anime_id`, `episode_number`, `title`, `synopsis`, `duration_seconds`, `thumbnail_key`, `view_count`, `created_at`) VALUES ('ep-anime-sl-s1-11', 'anime-sl-s1', 11, 'Episode 11', 'Detailed synopsis for episode 11.', 1440, '/demo/demo-landscape.webp', 0, (strftime('%s', 'now')));
INSERT INTO `video_sources` (`id`, `episode_id`, `quality_id`, `format_id`, `url`, `file_key`, `is_primary`, `created_at`) VALUES ('src-ep-anime-sl-s1-11-360p', 'ep-anime-sl-s1-11', '360p', 'mp4', 'https://cdn.zenith.dyzulk.net.eu.org/anime/demo/episode/1/360p.mp4', 'demo/360p.mp4', 0, (strftime('%s', 'now')));
INSERT INTO `video_sources` (`id`, `episode_id`, `quality_id`, `format_id`, `url`, `file_key`, `is_primary`, `created_at`) VALUES ('src-ep-anime-sl-s1-11-480p', 'ep-anime-sl-s1-11', '480p', 'mp4', 'https://cdn.zenith.dyzulk.net.eu.org/anime/demo/episode/1/480p.mp4', 'demo/480p.mp4', 0, (strftime('%s', 'now')));
INSERT INTO `video_sources` (`id`, `episode_id`, `quality_id`, `format_id`, `url`, `file_key`, `is_primary`, `created_at`) VALUES ('src-ep-anime-sl-s1-11-720p', 'ep-anime-sl-s1-11', '720p', 'mp4', 'https://cdn.zenith.dyzulk.net.eu.org/anime/demo/episode/1/720p.mp4', 'demo/720p.mp4', 0, (strftime('%s', 'now')));
INSERT INTO `video_sources` (`id`, `episode_id`, `quality_id`, `format_id`, `url`, `file_key`, `is_primary`, `created_at`) VALUES ('src-ep-anime-sl-s1-11-1080p', 'ep-anime-sl-s1-11', '1080p', 'mp4', 'https://cdn.zenith.dyzulk.net.eu.org/anime/demo/episode/1/1080p.mp4', 'demo/1080p.mp4', 1, (strftime('%s', 'now')));
INSERT INTO `episodes` (`id`, `anime_id`, `episode_number`, `title`, `synopsis`, `duration_seconds`, `thumbnail_key`, `view_count`, `created_at`) VALUES ('ep-anime-sl-s1-12', 'anime-sl-s1', 12, 'Episode 12', 'Detailed synopsis for episode 12.', 1440, '/demo/demo-landscape.webp', 0, (strftime('%s', 'now')));
INSERT INTO `video_sources` (`id`, `episode_id`, `quality_id`, `format_id`, `url`, `file_key`, `is_primary`, `created_at`) VALUES ('src-ep-anime-sl-s1-12-360p', 'ep-anime-sl-s1-12', '360p', 'mp4', 'https://cdn.zenith.dyzulk.net.eu.org/anime/demo/episode/1/360p.mp4', 'demo/360p.mp4', 0, (strftime('%s', 'now')));
INSERT INTO `video_sources` (`id`, `episode_id`, `quality_id`, `format_id`, `url`, `file_key`, `is_primary`, `created_at`) VALUES ('src-ep-anime-sl-s1-12-480p', 'ep-anime-sl-s1-12', '480p', 'mp4', 'https://cdn.zenith.dyzulk.net.eu.org/anime/demo/episode/1/480p.mp4', 'demo/480p.mp4', 0, (strftime('%s', 'now')));
INSERT INTO `video_sources` (`id`, `episode_id`, `quality_id`, `format_id`, `url`, `file_key`, `is_primary`, `created_at`) VALUES ('src-ep-anime-sl-s1-12-720p', 'ep-anime-sl-s1-12', '720p', 'mp4', 'https://cdn.zenith.dyzulk.net.eu.org/anime/demo/episode/1/720p.mp4', 'demo/720p.mp4', 0, (strftime('%s', 'now')));
INSERT INTO `video_sources` (`id`, `episode_id`, `quality_id`, `format_id`, `url`, `file_key`, `is_primary`, `created_at`) VALUES ('src-ep-anime-sl-s1-12-1080p', 'ep-anime-sl-s1-12', '1080p', 'mp4', 'https://cdn.zenith.dyzulk.net.eu.org/anime/demo/episode/1/1080p.mp4', 'demo/1080p.mp4', 1, (strftime('%s', 'now')));
INSERT INTO `episodes` (`id`, `anime_id`, `episode_number`, `title`, `synopsis`, `duration_seconds`, `thumbnail_key`, `view_count`, `created_at`) VALUES ('ep-anime-jjk-s2-1', 'anime-jjk-s2', 1, 'Episode 1', 'Detailed synopsis for episode 1.', 1440, '/demo/demo-landscape.webp', 0, (strftime('%s', 'now')));
INSERT INTO `video_sources` (`id`, `episode_id`, `quality_id`, `format_id`, `url`, `file_key`, `is_primary`, `created_at`) VALUES ('src-ep-anime-jjk-s2-1-360p', 'ep-anime-jjk-s2-1', '360p', 'mp4', 'https://cdn.zenith.dyzulk.net.eu.org/anime/demo/episode/1/360p.mp4', 'demo/360p.mp4', 0, (strftime('%s', 'now')));
INSERT INTO `video_sources` (`id`, `episode_id`, `quality_id`, `format_id`, `url`, `file_key`, `is_primary`, `created_at`) VALUES ('src-ep-anime-jjk-s2-1-480p', 'ep-anime-jjk-s2-1', '480p', 'mp4', 'https://cdn.zenith.dyzulk.net.eu.org/anime/demo/episode/1/480p.mp4', 'demo/480p.mp4', 0, (strftime('%s', 'now')));
INSERT INTO `video_sources` (`id`, `episode_id`, `quality_id`, `format_id`, `url`, `file_key`, `is_primary`, `created_at`) VALUES ('src-ep-anime-jjk-s2-1-720p', 'ep-anime-jjk-s2-1', '720p', 'mp4', 'https://cdn.zenith.dyzulk.net.eu.org/anime/demo/episode/1/720p.mp4', 'demo/720p.mp4', 0, (strftime('%s', 'now')));
INSERT INTO `video_sources` (`id`, `episode_id`, `quality_id`, `format_id`, `url`, `file_key`, `is_primary`, `created_at`) VALUES ('src-ep-anime-jjk-s2-1-1080p', 'ep-anime-jjk-s2-1', '1080p', 'mp4', 'https://cdn.zenith.dyzulk.net.eu.org/anime/demo/episode/1/1080p.mp4', 'demo/1080p.mp4', 1, (strftime('%s', 'now')));
INSERT INTO `episodes` (`id`, `anime_id`, `episode_number`, `title`, `synopsis`, `duration_seconds`, `thumbnail_key`, `view_count`, `created_at`) VALUES ('ep-anime-jjk-s2-2', 'anime-jjk-s2', 2, 'Episode 2', 'Detailed synopsis for episode 2.', 1440, '/demo/demo-landscape.webp', 0, (strftime('%s', 'now')));
INSERT INTO `video_sources` (`id`, `episode_id`, `quality_id`, `format_id`, `url`, `file_key`, `is_primary`, `created_at`) VALUES ('src-ep-anime-jjk-s2-2-360p', 'ep-anime-jjk-s2-2', '360p', 'mp4', 'https://cdn.zenith.dyzulk.net.eu.org/anime/demo/episode/1/360p.mp4', 'demo/360p.mp4', 0, (strftime('%s', 'now')));
INSERT INTO `video_sources` (`id`, `episode_id`, `quality_id`, `format_id`, `url`, `file_key`, `is_primary`, `created_at`) VALUES ('src-ep-anime-jjk-s2-2-480p', 'ep-anime-jjk-s2-2', '480p', 'mp4', 'https://cdn.zenith.dyzulk.net.eu.org/anime/demo/episode/1/480p.mp4', 'demo/480p.mp4', 0, (strftime('%s', 'now')));
INSERT INTO `video_sources` (`id`, `episode_id`, `quality_id`, `format_id`, `url`, `file_key`, `is_primary`, `created_at`) VALUES ('src-ep-anime-jjk-s2-2-720p', 'ep-anime-jjk-s2-2', '720p', 'mp4', 'https://cdn.zenith.dyzulk.net.eu.org/anime/demo/episode/1/720p.mp4', 'demo/720p.mp4', 0, (strftime('%s', 'now')));
INSERT INTO `video_sources` (`id`, `episode_id`, `quality_id`, `format_id`, `url`, `file_key`, `is_primary`, `created_at`) VALUES ('src-ep-anime-jjk-s2-2-1080p', 'ep-anime-jjk-s2-2', '1080p', 'mp4', 'https://cdn.zenith.dyzulk.net.eu.org/anime/demo/episode/1/1080p.mp4', 'demo/1080p.mp4', 1, (strftime('%s', 'now')));
INSERT INTO `episodes` (`id`, `anime_id`, `episode_number`, `title`, `synopsis`, `duration_seconds`, `thumbnail_key`, `view_count`, `created_at`) VALUES ('ep-anime-jjk-s2-3', 'anime-jjk-s2', 3, 'Episode 3', 'Detailed synopsis for episode 3.', 1440, '/demo/demo-landscape.webp', 0, (strftime('%s', 'now')));
INSERT INTO `video_sources` (`id`, `episode_id`, `quality_id`, `format_id`, `url`, `file_key`, `is_primary`, `created_at`) VALUES ('src-ep-anime-jjk-s2-3-360p', 'ep-anime-jjk-s2-3', '360p', 'mp4', 'https://cdn.zenith.dyzulk.net.eu.org/anime/demo/episode/1/360p.mp4', 'demo/360p.mp4', 0, (strftime('%s', 'now')));
INSERT INTO `video_sources` (`id`, `episode_id`, `quality_id`, `format_id`, `url`, `file_key`, `is_primary`, `created_at`) VALUES ('src-ep-anime-jjk-s2-3-480p', 'ep-anime-jjk-s2-3', '480p', 'mp4', 'https://cdn.zenith.dyzulk.net.eu.org/anime/demo/episode/1/480p.mp4', 'demo/480p.mp4', 0, (strftime('%s', 'now')));
INSERT INTO `video_sources` (`id`, `episode_id`, `quality_id`, `format_id`, `url`, `file_key`, `is_primary`, `created_at`) VALUES ('src-ep-anime-jjk-s2-3-720p', 'ep-anime-jjk-s2-3', '720p', 'mp4', 'https://cdn.zenith.dyzulk.net.eu.org/anime/demo/episode/1/720p.mp4', 'demo/720p.mp4', 0, (strftime('%s', 'now')));
INSERT INTO `video_sources` (`id`, `episode_id`, `quality_id`, `format_id`, `url`, `file_key`, `is_primary`, `created_at`) VALUES ('src-ep-anime-jjk-s2-3-1080p', 'ep-anime-jjk-s2-3', '1080p', 'mp4', 'https://cdn.zenith.dyzulk.net.eu.org/anime/demo/episode/1/1080p.mp4', 'demo/1080p.mp4', 1, (strftime('%s', 'now')));
INSERT INTO `episodes` (`id`, `anime_id`, `episode_number`, `title`, `synopsis`, `duration_seconds`, `thumbnail_key`, `view_count`, `created_at`) VALUES ('ep-anime-jjk-s2-4', 'anime-jjk-s2', 4, 'Episode 4', 'Detailed synopsis for episode 4.', 1440, '/demo/demo-landscape.webp', 0, (strftime('%s', 'now')));
INSERT INTO `video_sources` (`id`, `episode_id`, `quality_id`, `format_id`, `url`, `file_key`, `is_primary`, `created_at`) VALUES ('src-ep-anime-jjk-s2-4-360p', 'ep-anime-jjk-s2-4', '360p', 'mp4', 'https://cdn.zenith.dyzulk.net.eu.org/anime/demo/episode/1/360p.mp4', 'demo/360p.mp4', 0, (strftime('%s', 'now')));
INSERT INTO `video_sources` (`id`, `episode_id`, `quality_id`, `format_id`, `url`, `file_key`, `is_primary`, `created_at`) VALUES ('src-ep-anime-jjk-s2-4-480p', 'ep-anime-jjk-s2-4', '480p', 'mp4', 'https://cdn.zenith.dyzulk.net.eu.org/anime/demo/episode/1/480p.mp4', 'demo/480p.mp4', 0, (strftime('%s', 'now')));
INSERT INTO `video_sources` (`id`, `episode_id`, `quality_id`, `format_id`, `url`, `file_key`, `is_primary`, `created_at`) VALUES ('src-ep-anime-jjk-s2-4-720p', 'ep-anime-jjk-s2-4', '720p', 'mp4', 'https://cdn.zenith.dyzulk.net.eu.org/anime/demo/episode/1/720p.mp4', 'demo/720p.mp4', 0, (strftime('%s', 'now')));
INSERT INTO `video_sources` (`id`, `episode_id`, `quality_id`, `format_id`, `url`, `file_key`, `is_primary`, `created_at`) VALUES ('src-ep-anime-jjk-s2-4-1080p', 'ep-anime-jjk-s2-4', '1080p', 'mp4', 'https://cdn.zenith.dyzulk.net.eu.org/anime/demo/episode/1/1080p.mp4', 'demo/1080p.mp4', 1, (strftime('%s', 'now')));
INSERT INTO `episodes` (`id`, `anime_id`, `episode_number`, `title`, `synopsis`, `duration_seconds`, `thumbnail_key`, `view_count`, `created_at`) VALUES ('ep-anime-jjk-s2-5', 'anime-jjk-s2', 5, 'Episode 5', 'Detailed synopsis for episode 5.', 1440, '/demo/demo-landscape.webp', 0, (strftime('%s', 'now')));
INSERT INTO `video_sources` (`id`, `episode_id`, `quality_id`, `format_id`, `url`, `file_key`, `is_primary`, `created_at`) VALUES ('src-ep-anime-jjk-s2-5-360p', 'ep-anime-jjk-s2-5', '360p', 'mp4', 'https://cdn.zenith.dyzulk.net.eu.org/anime/demo/episode/1/360p.mp4', 'demo/360p.mp4', 0, (strftime('%s', 'now')));
INSERT INTO `video_sources` (`id`, `episode_id`, `quality_id`, `format_id`, `url`, `file_key`, `is_primary`, `created_at`) VALUES ('src-ep-anime-jjk-s2-5-480p', 'ep-anime-jjk-s2-5', '480p', 'mp4', 'https://cdn.zenith.dyzulk.net.eu.org/anime/demo/episode/1/480p.mp4', 'demo/480p.mp4', 0, (strftime('%s', 'now')));
INSERT INTO `video_sources` (`id`, `episode_id`, `quality_id`, `format_id`, `url`, `file_key`, `is_primary`, `created_at`) VALUES ('src-ep-anime-jjk-s2-5-720p', 'ep-anime-jjk-s2-5', '720p', 'mp4', 'https://cdn.zenith.dyzulk.net.eu.org/anime/demo/episode/1/720p.mp4', 'demo/720p.mp4', 0, (strftime('%s', 'now')));
INSERT INTO `video_sources` (`id`, `episode_id`, `quality_id`, `format_id`, `url`, `file_key`, `is_primary`, `created_at`) VALUES ('src-ep-anime-jjk-s2-5-1080p', 'ep-anime-jjk-s2-5', '1080p', 'mp4', 'https://cdn.zenith.dyzulk.net.eu.org/anime/demo/episode/1/1080p.mp4', 'demo/1080p.mp4', 1, (strftime('%s', 'now')));
INSERT INTO `episodes` (`id`, `anime_id`, `episode_number`, `title`, `synopsis`, `duration_seconds`, `thumbnail_key`, `view_count`, `created_at`) VALUES ('ep-anime-jjk-s2-6', 'anime-jjk-s2', 6, 'Episode 6', 'Detailed synopsis for episode 6.', 1440, '/demo/demo-landscape.webp', 0, (strftime('%s', 'now')));
INSERT INTO `video_sources` (`id`, `episode_id`, `quality_id`, `format_id`, `url`, `file_key`, `is_primary`, `created_at`) VALUES ('src-ep-anime-jjk-s2-6-360p', 'ep-anime-jjk-s2-6', '360p', 'mp4', 'https://cdn.zenith.dyzulk.net.eu.org/anime/demo/episode/1/360p.mp4', 'demo/360p.mp4', 0, (strftime('%s', 'now')));
INSERT INTO `video_sources` (`id`, `episode_id`, `quality_id`, `format_id`, `url`, `file_key`, `is_primary`, `created_at`) VALUES ('src-ep-anime-jjk-s2-6-480p', 'ep-anime-jjk-s2-6', '480p', 'mp4', 'https://cdn.zenith.dyzulk.net.eu.org/anime/demo/episode/1/480p.mp4', 'demo/480p.mp4', 0, (strftime('%s', 'now')));
INSERT INTO `video_sources` (`id`, `episode_id`, `quality_id`, `format_id`, `url`, `file_key`, `is_primary`, `created_at`) VALUES ('src-ep-anime-jjk-s2-6-720p', 'ep-anime-jjk-s2-6', '720p', 'mp4', 'https://cdn.zenith.dyzulk.net.eu.org/anime/demo/episode/1/720p.mp4', 'demo/720p.mp4', 0, (strftime('%s', 'now')));
INSERT INTO `video_sources` (`id`, `episode_id`, `quality_id`, `format_id`, `url`, `file_key`, `is_primary`, `created_at`) VALUES ('src-ep-anime-jjk-s2-6-1080p', 'ep-anime-jjk-s2-6', '1080p', 'mp4', 'https://cdn.zenith.dyzulk.net.eu.org/anime/demo/episode/1/1080p.mp4', 'demo/1080p.mp4', 1, (strftime('%s', 'now')));
INSERT INTO `episodes` (`id`, `anime_id`, `episode_number`, `title`, `synopsis`, `duration_seconds`, `thumbnail_key`, `view_count`, `created_at`) VALUES ('ep-anime-jjk-s2-7', 'anime-jjk-s2', 7, 'Episode 7', 'Detailed synopsis for episode 7.', 1440, '/demo/demo-landscape.webp', 0, (strftime('%s', 'now')));
INSERT INTO `video_sources` (`id`, `episode_id`, `quality_id`, `format_id`, `url`, `file_key`, `is_primary`, `created_at`) VALUES ('src-ep-anime-jjk-s2-7-360p', 'ep-anime-jjk-s2-7', '360p', 'mp4', 'https://cdn.zenith.dyzulk.net.eu.org/anime/demo/episode/1/360p.mp4', 'demo/360p.mp4', 0, (strftime('%s', 'now')));
INSERT INTO `video_sources` (`id`, `episode_id`, `quality_id`, `format_id`, `url`, `file_key`, `is_primary`, `created_at`) VALUES ('src-ep-anime-jjk-s2-7-480p', 'ep-anime-jjk-s2-7', '480p', 'mp4', 'https://cdn.zenith.dyzulk.net.eu.org/anime/demo/episode/1/480p.mp4', 'demo/480p.mp4', 0, (strftime('%s', 'now')));
INSERT INTO `video_sources` (`id`, `episode_id`, `quality_id`, `format_id`, `url`, `file_key`, `is_primary`, `created_at`) VALUES ('src-ep-anime-jjk-s2-7-720p', 'ep-anime-jjk-s2-7', '720p', 'mp4', 'https://cdn.zenith.dyzulk.net.eu.org/anime/demo/episode/1/720p.mp4', 'demo/720p.mp4', 0, (strftime('%s', 'now')));
INSERT INTO `video_sources` (`id`, `episode_id`, `quality_id`, `format_id`, `url`, `file_key`, `is_primary`, `created_at`) VALUES ('src-ep-anime-jjk-s2-7-1080p', 'ep-anime-jjk-s2-7', '1080p', 'mp4', 'https://cdn.zenith.dyzulk.net.eu.org/anime/demo/episode/1/1080p.mp4', 'demo/1080p.mp4', 1, (strftime('%s', 'now')));
INSERT INTO `episodes` (`id`, `anime_id`, `episode_number`, `title`, `synopsis`, `duration_seconds`, `thumbnail_key`, `view_count`, `created_at`) VALUES ('ep-anime-jjk-s2-8', 'anime-jjk-s2', 8, 'Episode 8', 'Detailed synopsis for episode 8.', 1440, '/demo/demo-landscape.webp', 0, (strftime('%s', 'now')));
INSERT INTO `video_sources` (`id`, `episode_id`, `quality_id`, `format_id`, `url`, `file_key`, `is_primary`, `created_at`) VALUES ('src-ep-anime-jjk-s2-8-360p', 'ep-anime-jjk-s2-8', '360p', 'mp4', 'https://cdn.zenith.dyzulk.net.eu.org/anime/demo/episode/1/360p.mp4', 'demo/360p.mp4', 0, (strftime('%s', 'now')));
INSERT INTO `video_sources` (`id`, `episode_id`, `quality_id`, `format_id`, `url`, `file_key`, `is_primary`, `created_at`) VALUES ('src-ep-anime-jjk-s2-8-480p', 'ep-anime-jjk-s2-8', '480p', 'mp4', 'https://cdn.zenith.dyzulk.net.eu.org/anime/demo/episode/1/480p.mp4', 'demo/480p.mp4', 0, (strftime('%s', 'now')));
INSERT INTO `video_sources` (`id`, `episode_id`, `quality_id`, `format_id`, `url`, `file_key`, `is_primary`, `created_at`) VALUES ('src-ep-anime-jjk-s2-8-720p', 'ep-anime-jjk-s2-8', '720p', 'mp4', 'https://cdn.zenith.dyzulk.net.eu.org/anime/demo/episode/1/720p.mp4', 'demo/720p.mp4', 0, (strftime('%s', 'now')));
INSERT INTO `video_sources` (`id`, `episode_id`, `quality_id`, `format_id`, `url`, `file_key`, `is_primary`, `created_at`) VALUES ('src-ep-anime-jjk-s2-8-1080p', 'ep-anime-jjk-s2-8', '1080p', 'mp4', 'https://cdn.zenith.dyzulk.net.eu.org/anime/demo/episode/1/1080p.mp4', 'demo/1080p.mp4', 1, (strftime('%s', 'now')));
INSERT INTO `episodes` (`id`, `anime_id`, `episode_number`, `title`, `synopsis`, `duration_seconds`, `thumbnail_key`, `view_count`, `created_at`) VALUES ('ep-anime-jjk-s2-9', 'anime-jjk-s2', 9, 'Episode 9', 'Detailed synopsis for episode 9.', 1440, '/demo/demo-landscape.webp', 0, (strftime('%s', 'now')));
INSERT INTO `video_sources` (`id`, `episode_id`, `quality_id`, `format_id`, `url`, `file_key`, `is_primary`, `created_at`) VALUES ('src-ep-anime-jjk-s2-9-360p', 'ep-anime-jjk-s2-9', '360p', 'mp4', 'https://cdn.zenith.dyzulk.net.eu.org/anime/demo/episode/1/360p.mp4', 'demo/360p.mp4', 0, (strftime('%s', 'now')));
INSERT INTO `video_sources` (`id`, `episode_id`, `quality_id`, `format_id`, `url`, `file_key`, `is_primary`, `created_at`) VALUES ('src-ep-anime-jjk-s2-9-480p', 'ep-anime-jjk-s2-9', '480p', 'mp4', 'https://cdn.zenith.dyzulk.net.eu.org/anime/demo/episode/1/480p.mp4', 'demo/480p.mp4', 0, (strftime('%s', 'now')));
INSERT INTO `video_sources` (`id`, `episode_id`, `quality_id`, `format_id`, `url`, `file_key`, `is_primary`, `created_at`) VALUES ('src-ep-anime-jjk-s2-9-720p', 'ep-anime-jjk-s2-9', '720p', 'mp4', 'https://cdn.zenith.dyzulk.net.eu.org/anime/demo/episode/1/720p.mp4', 'demo/720p.mp4', 0, (strftime('%s', 'now')));
INSERT INTO `video_sources` (`id`, `episode_id`, `quality_id`, `format_id`, `url`, `file_key`, `is_primary`, `created_at`) VALUES ('src-ep-anime-jjk-s2-9-1080p', 'ep-anime-jjk-s2-9', '1080p', 'mp4', 'https://cdn.zenith.dyzulk.net.eu.org/anime/demo/episode/1/1080p.mp4', 'demo/1080p.mp4', 1, (strftime('%s', 'now')));
INSERT INTO `episodes` (`id`, `anime_id`, `episode_number`, `title`, `synopsis`, `duration_seconds`, `thumbnail_key`, `view_count`, `created_at`) VALUES ('ep-anime-jjk-s2-10', 'anime-jjk-s2', 10, 'Episode 10', 'Detailed synopsis for episode 10.', 1440, '/demo/demo-landscape.webp', 0, (strftime('%s', 'now')));
INSERT INTO `video_sources` (`id`, `episode_id`, `quality_id`, `format_id`, `url`, `file_key`, `is_primary`, `created_at`) VALUES ('src-ep-anime-jjk-s2-10-360p', 'ep-anime-jjk-s2-10', '360p', 'mp4', 'https://cdn.zenith.dyzulk.net.eu.org/anime/demo/episode/1/360p.mp4', 'demo/360p.mp4', 0, (strftime('%s', 'now')));
INSERT INTO `video_sources` (`id`, `episode_id`, `quality_id`, `format_id`, `url`, `file_key`, `is_primary`, `created_at`) VALUES ('src-ep-anime-jjk-s2-10-480p', 'ep-anime-jjk-s2-10', '480p', 'mp4', 'https://cdn.zenith.dyzulk.net.eu.org/anime/demo/episode/1/480p.mp4', 'demo/480p.mp4', 0, (strftime('%s', 'now')));
INSERT INTO `video_sources` (`id`, `episode_id`, `quality_id`, `format_id`, `url`, `file_key`, `is_primary`, `created_at`) VALUES ('src-ep-anime-jjk-s2-10-720p', 'ep-anime-jjk-s2-10', '720p', 'mp4', 'https://cdn.zenith.dyzulk.net.eu.org/anime/demo/episode/1/720p.mp4', 'demo/720p.mp4', 0, (strftime('%s', 'now')));
INSERT INTO `video_sources` (`id`, `episode_id`, `quality_id`, `format_id`, `url`, `file_key`, `is_primary`, `created_at`) VALUES ('src-ep-anime-jjk-s2-10-1080p', 'ep-anime-jjk-s2-10', '1080p', 'mp4', 'https://cdn.zenith.dyzulk.net.eu.org/anime/demo/episode/1/1080p.mp4', 'demo/1080p.mp4', 1, (strftime('%s', 'now')));
INSERT INTO `episodes` (`id`, `anime_id`, `episode_number`, `title`, `synopsis`, `duration_seconds`, `thumbnail_key`, `view_count`, `created_at`) VALUES ('ep-anime-jjk-s2-11', 'anime-jjk-s2', 11, 'Episode 11', 'Detailed synopsis for episode 11.', 1440, '/demo/demo-landscape.webp', 0, (strftime('%s', 'now')));
INSERT INTO `video_sources` (`id`, `episode_id`, `quality_id`, `format_id`, `url`, `file_key`, `is_primary`, `created_at`) VALUES ('src-ep-anime-jjk-s2-11-360p', 'ep-anime-jjk-s2-11', '360p', 'mp4', 'https://cdn.zenith.dyzulk.net.eu.org/anime/demo/episode/1/360p.mp4', 'demo/360p.mp4', 0, (strftime('%s', 'now')));
INSERT INTO `video_sources` (`id`, `episode_id`, `quality_id`, `format_id`, `url`, `file_key`, `is_primary`, `created_at`) VALUES ('src-ep-anime-jjk-s2-11-480p', 'ep-anime-jjk-s2-11', '480p', 'mp4', 'https://cdn.zenith.dyzulk.net.eu.org/anime/demo/episode/1/480p.mp4', 'demo/480p.mp4', 0, (strftime('%s', 'now')));
INSERT INTO `video_sources` (`id`, `episode_id`, `quality_id`, `format_id`, `url`, `file_key`, `is_primary`, `created_at`) VALUES ('src-ep-anime-jjk-s2-11-720p', 'ep-anime-jjk-s2-11', '720p', 'mp4', 'https://cdn.zenith.dyzulk.net.eu.org/anime/demo/episode/1/720p.mp4', 'demo/720p.mp4', 0, (strftime('%s', 'now')));
INSERT INTO `video_sources` (`id`, `episode_id`, `quality_id`, `format_id`, `url`, `file_key`, `is_primary`, `created_at`) VALUES ('src-ep-anime-jjk-s2-11-1080p', 'ep-anime-jjk-s2-11', '1080p', 'mp4', 'https://cdn.zenith.dyzulk.net.eu.org/anime/demo/episode/1/1080p.mp4', 'demo/1080p.mp4', 1, (strftime('%s', 'now')));
INSERT INTO `episodes` (`id`, `anime_id`, `episode_number`, `title`, `synopsis`, `duration_seconds`, `thumbnail_key`, `view_count`, `created_at`) VALUES ('ep-anime-jjk-s2-12', 'anime-jjk-s2', 12, 'Episode 12', 'Detailed synopsis for episode 12.', 1440, '/demo/demo-landscape.webp', 0, (strftime('%s', 'now')));
INSERT INTO `video_sources` (`id`, `episode_id`, `quality_id`, `format_id`, `url`, `file_key`, `is_primary`, `created_at`) VALUES ('src-ep-anime-jjk-s2-12-360p', 'ep-anime-jjk-s2-12', '360p', 'mp4', 'https://cdn.zenith.dyzulk.net.eu.org/anime/demo/episode/1/360p.mp4', 'demo/360p.mp4', 0, (strftime('%s', 'now')));
INSERT INTO `video_sources` (`id`, `episode_id`, `quality_id`, `format_id`, `url`, `file_key`, `is_primary`, `created_at`) VALUES ('src-ep-anime-jjk-s2-12-480p', 'ep-anime-jjk-s2-12', '480p', 'mp4', 'https://cdn.zenith.dyzulk.net.eu.org/anime/demo/episode/1/480p.mp4', 'demo/480p.mp4', 0, (strftime('%s', 'now')));
INSERT INTO `video_sources` (`id`, `episode_id`, `quality_id`, `format_id`, `url`, `file_key`, `is_primary`, `created_at`) VALUES ('src-ep-anime-jjk-s2-12-720p', 'ep-anime-jjk-s2-12', '720p', 'mp4', 'https://cdn.zenith.dyzulk.net.eu.org/anime/demo/episode/1/720p.mp4', 'demo/720p.mp4', 0, (strftime('%s', 'now')));
INSERT INTO `video_sources` (`id`, `episode_id`, `quality_id`, `format_id`, `url`, `file_key`, `is_primary`, `created_at`) VALUES ('src-ep-anime-jjk-s2-12-1080p', 'ep-anime-jjk-s2-12', '1080p', 'mp4', 'https://cdn.zenith.dyzulk.net.eu.org/anime/demo/episode/1/1080p.mp4', 'demo/1080p.mp4', 1, (strftime('%s', 'now')));
INSERT INTO `episodes` (`id`, `anime_id`, `episode_number`, `title`, `synopsis`, `duration_seconds`, `thumbnail_key`, `view_count`, `created_at`) VALUES ('ep-anime-csm-m1-1', 'anime-csm-m1', 1, 'Episode 1', 'Detailed synopsis for episode 1.', 1440, '/demo/demo-landscape.webp', 0, (strftime('%s', 'now')));
INSERT INTO `video_sources` (`id`, `episode_id`, `quality_id`, `format_id`, `url`, `file_key`, `is_primary`, `created_at`) VALUES ('src-ep-anime-csm-m1-1-360p', 'ep-anime-csm-m1-1', '360p', 'mp4', 'https://cdn.zenith.dyzulk.net.eu.org/anime/demo/episode/1/360p.mp4', 'demo/360p.mp4', 0, (strftime('%s', 'now')));
INSERT INTO `video_sources` (`id`, `episode_id`, `quality_id`, `format_id`, `url`, `file_key`, `is_primary`, `created_at`) VALUES ('src-ep-anime-csm-m1-1-480p', 'ep-anime-csm-m1-1', '480p', 'mp4', 'https://cdn.zenith.dyzulk.net.eu.org/anime/demo/episode/1/480p.mp4', 'demo/480p.mp4', 0, (strftime('%s', 'now')));
INSERT INTO `video_sources` (`id`, `episode_id`, `quality_id`, `format_id`, `url`, `file_key`, `is_primary`, `created_at`) VALUES ('src-ep-anime-csm-m1-1-720p', 'ep-anime-csm-m1-1', '720p', 'mp4', 'https://cdn.zenith.dyzulk.net.eu.org/anime/demo/episode/1/720p.mp4', 'demo/720p.mp4', 0, (strftime('%s', 'now')));
INSERT INTO `video_sources` (`id`, `episode_id`, `quality_id`, `format_id`, `url`, `file_key`, `is_primary`, `created_at`) VALUES ('src-ep-anime-csm-m1-1-1080p', 'ep-anime-csm-m1-1', '1080p', 'mp4', 'https://cdn.zenith.dyzulk.net.eu.org/anime/demo/episode/1/1080p.mp4', 'demo/1080p.mp4', 1, (strftime('%s', 'now')));
INSERT INTO `episodes` (`id`, `anime_id`, `episode_number`, `title`, `synopsis`, `duration_seconds`, `thumbnail_key`, `view_count`, `created_at`) VALUES ('ep-anime-onk-1', 'anime-onk', 1, 'Episode 1', 'Detailed synopsis for episode 1.', 1440, '/demo/demo-landscape.webp', 0, (strftime('%s', 'now')));
INSERT INTO `video_sources` (`id`, `episode_id`, `quality_id`, `format_id`, `url`, `file_key`, `is_primary`, `created_at`) VALUES ('src-ep-anime-onk-1-360p', 'ep-anime-onk-1', '360p', 'mp4', 'https://cdn.zenith.dyzulk.net.eu.org/anime/demo/episode/1/360p.mp4', 'demo/360p.mp4', 0, (strftime('%s', 'now')));
INSERT INTO `video_sources` (`id`, `episode_id`, `quality_id`, `format_id`, `url`, `file_key`, `is_primary`, `created_at`) VALUES ('src-ep-anime-onk-1-480p', 'ep-anime-onk-1', '480p', 'mp4', 'https://cdn.zenith.dyzulk.net.eu.org/anime/demo/episode/1/480p.mp4', 'demo/480p.mp4', 0, (strftime('%s', 'now')));
INSERT INTO `video_sources` (`id`, `episode_id`, `quality_id`, `format_id`, `url`, `file_key`, `is_primary`, `created_at`) VALUES ('src-ep-anime-onk-1-720p', 'ep-anime-onk-1', '720p', 'mp4', 'https://cdn.zenith.dyzulk.net.eu.org/anime/demo/episode/1/720p.mp4', 'demo/720p.mp4', 0, (strftime('%s', 'now')));
INSERT INTO `video_sources` (`id`, `episode_id`, `quality_id`, `format_id`, `url`, `file_key`, `is_primary`, `created_at`) VALUES ('src-ep-anime-onk-1-1080p', 'ep-anime-onk-1', '1080p', 'mp4', 'https://cdn.zenith.dyzulk.net.eu.org/anime/demo/episode/1/1080p.mp4', 'demo/1080p.mp4', 1, (strftime('%s', 'now')));
INSERT INTO `episodes` (`id`, `anime_id`, `episode_number`, `title`, `synopsis`, `duration_seconds`, `thumbnail_key`, `view_count`, `created_at`) VALUES ('ep-anime-onk-2', 'anime-onk', 2, 'Episode 2', 'Detailed synopsis for episode 2.', 1440, '/demo/demo-landscape.webp', 0, (strftime('%s', 'now')));
INSERT INTO `video_sources` (`id`, `episode_id`, `quality_id`, `format_id`, `url`, `file_key`, `is_primary`, `created_at`) VALUES ('src-ep-anime-onk-2-360p', 'ep-anime-onk-2', '360p', 'mp4', 'https://cdn.zenith.dyzulk.net.eu.org/anime/demo/episode/1/360p.mp4', 'demo/360p.mp4', 0, (strftime('%s', 'now')));
INSERT INTO `video_sources` (`id`, `episode_id`, `quality_id`, `format_id`, `url`, `file_key`, `is_primary`, `created_at`) VALUES ('src-ep-anime-onk-2-480p', 'ep-anime-onk-2', '480p', 'mp4', 'https://cdn.zenith.dyzulk.net.eu.org/anime/demo/episode/1/480p.mp4', 'demo/480p.mp4', 0, (strftime('%s', 'now')));
INSERT INTO `video_sources` (`id`, `episode_id`, `quality_id`, `format_id`, `url`, `file_key`, `is_primary`, `created_at`) VALUES ('src-ep-anime-onk-2-720p', 'ep-anime-onk-2', '720p', 'mp4', 'https://cdn.zenith.dyzulk.net.eu.org/anime/demo/episode/1/720p.mp4', 'demo/720p.mp4', 0, (strftime('%s', 'now')));
INSERT INTO `video_sources` (`id`, `episode_id`, `quality_id`, `format_id`, `url`, `file_key`, `is_primary`, `created_at`) VALUES ('src-ep-anime-onk-2-1080p', 'ep-anime-onk-2', '1080p', 'mp4', 'https://cdn.zenith.dyzulk.net.eu.org/anime/demo/episode/1/1080p.mp4', 'demo/1080p.mp4', 1, (strftime('%s', 'now')));
INSERT INTO `episodes` (`id`, `anime_id`, `episode_number`, `title`, `synopsis`, `duration_seconds`, `thumbnail_key`, `view_count`, `created_at`) VALUES ('ep-anime-onk-3', 'anime-onk', 3, 'Episode 3', 'Detailed synopsis for episode 3.', 1440, '/demo/demo-landscape.webp', 0, (strftime('%s', 'now')));
INSERT INTO `video_sources` (`id`, `episode_id`, `quality_id`, `format_id`, `url`, `file_key`, `is_primary`, `created_at`) VALUES ('src-ep-anime-onk-3-360p', 'ep-anime-onk-3', '360p', 'mp4', 'https://cdn.zenith.dyzulk.net.eu.org/anime/demo/episode/1/360p.mp4', 'demo/360p.mp4', 0, (strftime('%s', 'now')));
INSERT INTO `video_sources` (`id`, `episode_id`, `quality_id`, `format_id`, `url`, `file_key`, `is_primary`, `created_at`) VALUES ('src-ep-anime-onk-3-480p', 'ep-anime-onk-3', '480p', 'mp4', 'https://cdn.zenith.dyzulk.net.eu.org/anime/demo/episode/1/480p.mp4', 'demo/480p.mp4', 0, (strftime('%s', 'now')));
INSERT INTO `video_sources` (`id`, `episode_id`, `quality_id`, `format_id`, `url`, `file_key`, `is_primary`, `created_at`) VALUES ('src-ep-anime-onk-3-720p', 'ep-anime-onk-3', '720p', 'mp4', 'https://cdn.zenith.dyzulk.net.eu.org/anime/demo/episode/1/720p.mp4', 'demo/720p.mp4', 0, (strftime('%s', 'now')));
INSERT INTO `video_sources` (`id`, `episode_id`, `quality_id`, `format_id`, `url`, `file_key`, `is_primary`, `created_at`) VALUES ('src-ep-anime-onk-3-1080p', 'ep-anime-onk-3', '1080p', 'mp4', 'https://cdn.zenith.dyzulk.net.eu.org/anime/demo/episode/1/1080p.mp4', 'demo/1080p.mp4', 1, (strftime('%s', 'now')));
INSERT INTO `episodes` (`id`, `anime_id`, `episode_number`, `title`, `synopsis`, `duration_seconds`, `thumbnail_key`, `view_count`, `created_at`) VALUES ('ep-anime-onk-4', 'anime-onk', 4, 'Episode 4', 'Detailed synopsis for episode 4.', 1440, '/demo/demo-landscape.webp', 0, (strftime('%s', 'now')));
INSERT INTO `video_sources` (`id`, `episode_id`, `quality_id`, `format_id`, `url`, `file_key`, `is_primary`, `created_at`) VALUES ('src-ep-anime-onk-4-360p', 'ep-anime-onk-4', '360p', 'mp4', 'https://cdn.zenith.dyzulk.net.eu.org/anime/demo/episode/1/360p.mp4', 'demo/360p.mp4', 0, (strftime('%s', 'now')));
INSERT INTO `video_sources` (`id`, `episode_id`, `quality_id`, `format_id`, `url`, `file_key`, `is_primary`, `created_at`) VALUES ('src-ep-anime-onk-4-480p', 'ep-anime-onk-4', '480p', 'mp4', 'https://cdn.zenith.dyzulk.net.eu.org/anime/demo/episode/1/480p.mp4', 'demo/480p.mp4', 0, (strftime('%s', 'now')));
INSERT INTO `video_sources` (`id`, `episode_id`, `quality_id`, `format_id`, `url`, `file_key`, `is_primary`, `created_at`) VALUES ('src-ep-anime-onk-4-720p', 'ep-anime-onk-4', '720p', 'mp4', 'https://cdn.zenith.dyzulk.net.eu.org/anime/demo/episode/1/720p.mp4', 'demo/720p.mp4', 0, (strftime('%s', 'now')));
INSERT INTO `video_sources` (`id`, `episode_id`, `quality_id`, `format_id`, `url`, `file_key`, `is_primary`, `created_at`) VALUES ('src-ep-anime-onk-4-1080p', 'ep-anime-onk-4', '1080p', 'mp4', 'https://cdn.zenith.dyzulk.net.eu.org/anime/demo/episode/1/1080p.mp4', 'demo/1080p.mp4', 1, (strftime('%s', 'now')));
INSERT INTO `episodes` (`id`, `anime_id`, `episode_number`, `title`, `synopsis`, `duration_seconds`, `thumbnail_key`, `view_count`, `created_at`) VALUES ('ep-anime-onk-5', 'anime-onk', 5, 'Episode 5', 'Detailed synopsis for episode 5.', 1440, '/demo/demo-landscape.webp', 0, (strftime('%s', 'now')));
INSERT INTO `video_sources` (`id`, `episode_id`, `quality_id`, `format_id`, `url`, `file_key`, `is_primary`, `created_at`) VALUES ('src-ep-anime-onk-5-360p', 'ep-anime-onk-5', '360p', 'mp4', 'https://cdn.zenith.dyzulk.net.eu.org/anime/demo/episode/1/360p.mp4', 'demo/360p.mp4', 0, (strftime('%s', 'now')));
INSERT INTO `video_sources` (`id`, `episode_id`, `quality_id`, `format_id`, `url`, `file_key`, `is_primary`, `created_at`) VALUES ('src-ep-anime-onk-5-480p', 'ep-anime-onk-5', '480p', 'mp4', 'https://cdn.zenith.dyzulk.net.eu.org/anime/demo/episode/1/480p.mp4', 'demo/480p.mp4', 0, (strftime('%s', 'now')));
INSERT INTO `video_sources` (`id`, `episode_id`, `quality_id`, `format_id`, `url`, `file_key`, `is_primary`, `created_at`) VALUES ('src-ep-anime-onk-5-720p', 'ep-anime-onk-5', '720p', 'mp4', 'https://cdn.zenith.dyzulk.net.eu.org/anime/demo/episode/1/720p.mp4', 'demo/720p.mp4', 0, (strftime('%s', 'now')));
INSERT INTO `video_sources` (`id`, `episode_id`, `quality_id`, `format_id`, `url`, `file_key`, `is_primary`, `created_at`) VALUES ('src-ep-anime-onk-5-1080p', 'ep-anime-onk-5', '1080p', 'mp4', 'https://cdn.zenith.dyzulk.net.eu.org/anime/demo/episode/1/1080p.mp4', 'demo/1080p.mp4', 1, (strftime('%s', 'now')));
INSERT INTO `episodes` (`id`, `anime_id`, `episode_number`, `title`, `synopsis`, `duration_seconds`, `thumbnail_key`, `view_count`, `created_at`) VALUES ('ep-anime-onk-6', 'anime-onk', 6, 'Episode 6', 'Detailed synopsis for episode 6.', 1440, '/demo/demo-landscape.webp', 0, (strftime('%s', 'now')));
INSERT INTO `video_sources` (`id`, `episode_id`, `quality_id`, `format_id`, `url`, `file_key`, `is_primary`, `created_at`) VALUES ('src-ep-anime-onk-6-360p', 'ep-anime-onk-6', '360p', 'mp4', 'https://cdn.zenith.dyzulk.net.eu.org/anime/demo/episode/1/360p.mp4', 'demo/360p.mp4', 0, (strftime('%s', 'now')));
INSERT INTO `video_sources` (`id`, `episode_id`, `quality_id`, `format_id`, `url`, `file_key`, `is_primary`, `created_at`) VALUES ('src-ep-anime-onk-6-480p', 'ep-anime-onk-6', '480p', 'mp4', 'https://cdn.zenith.dyzulk.net.eu.org/anime/demo/episode/1/480p.mp4', 'demo/480p.mp4', 0, (strftime('%s', 'now')));
INSERT INTO `video_sources` (`id`, `episode_id`, `quality_id`, `format_id`, `url`, `file_key`, `is_primary`, `created_at`) VALUES ('src-ep-anime-onk-6-720p', 'ep-anime-onk-6', '720p', 'mp4', 'https://cdn.zenith.dyzulk.net.eu.org/anime/demo/episode/1/720p.mp4', 'demo/720p.mp4', 0, (strftime('%s', 'now')));
INSERT INTO `video_sources` (`id`, `episode_id`, `quality_id`, `format_id`, `url`, `file_key`, `is_primary`, `created_at`) VALUES ('src-ep-anime-onk-6-1080p', 'ep-anime-onk-6', '1080p', 'mp4', 'https://cdn.zenith.dyzulk.net.eu.org/anime/demo/episode/1/1080p.mp4', 'demo/1080p.mp4', 1, (strftime('%s', 'now')));
INSERT INTO `episodes` (`id`, `anime_id`, `episode_number`, `title`, `synopsis`, `duration_seconds`, `thumbnail_key`, `view_count`, `created_at`) VALUES ('ep-anime-onk-7', 'anime-onk', 7, 'Episode 7', 'Detailed synopsis for episode 7.', 1440, '/demo/demo-landscape.webp', 0, (strftime('%s', 'now')));
INSERT INTO `video_sources` (`id`, `episode_id`, `quality_id`, `format_id`, `url`, `file_key`, `is_primary`, `created_at`) VALUES ('src-ep-anime-onk-7-360p', 'ep-anime-onk-7', '360p', 'mp4', 'https://cdn.zenith.dyzulk.net.eu.org/anime/demo/episode/1/360p.mp4', 'demo/360p.mp4', 0, (strftime('%s', 'now')));
INSERT INTO `video_sources` (`id`, `episode_id`, `quality_id`, `format_id`, `url`, `file_key`, `is_primary`, `created_at`) VALUES ('src-ep-anime-onk-7-480p', 'ep-anime-onk-7', '480p', 'mp4', 'https://cdn.zenith.dyzulk.net.eu.org/anime/demo/episode/1/480p.mp4', 'demo/480p.mp4', 0, (strftime('%s', 'now')));
INSERT INTO `video_sources` (`id`, `episode_id`, `quality_id`, `format_id`, `url`, `file_key`, `is_primary`, `created_at`) VALUES ('src-ep-anime-onk-7-720p', 'ep-anime-onk-7', '720p', 'mp4', 'https://cdn.zenith.dyzulk.net.eu.org/anime/demo/episode/1/720p.mp4', 'demo/720p.mp4', 0, (strftime('%s', 'now')));
INSERT INTO `video_sources` (`id`, `episode_id`, `quality_id`, `format_id`, `url`, `file_key`, `is_primary`, `created_at`) VALUES ('src-ep-anime-onk-7-1080p', 'ep-anime-onk-7', '1080p', 'mp4', 'https://cdn.zenith.dyzulk.net.eu.org/anime/demo/episode/1/1080p.mp4', 'demo/1080p.mp4', 1, (strftime('%s', 'now')));
INSERT INTO `episodes` (`id`, `anime_id`, `episode_number`, `title`, `synopsis`, `duration_seconds`, `thumbnail_key`, `view_count`, `created_at`) VALUES ('ep-anime-onk-8', 'anime-onk', 8, 'Episode 8', 'Detailed synopsis for episode 8.', 1440, '/demo/demo-landscape.webp', 0, (strftime('%s', 'now')));
INSERT INTO `video_sources` (`id`, `episode_id`, `quality_id`, `format_id`, `url`, `file_key`, `is_primary`, `created_at`) VALUES ('src-ep-anime-onk-8-360p', 'ep-anime-onk-8', '360p', 'mp4', 'https://cdn.zenith.dyzulk.net.eu.org/anime/demo/episode/1/360p.mp4', 'demo/360p.mp4', 0, (strftime('%s', 'now')));
INSERT INTO `video_sources` (`id`, `episode_id`, `quality_id`, `format_id`, `url`, `file_key`, `is_primary`, `created_at`) VALUES ('src-ep-anime-onk-8-480p', 'ep-anime-onk-8', '480p', 'mp4', 'https://cdn.zenith.dyzulk.net.eu.org/anime/demo/episode/1/480p.mp4', 'demo/480p.mp4', 0, (strftime('%s', 'now')));
INSERT INTO `video_sources` (`id`, `episode_id`, `quality_id`, `format_id`, `url`, `file_key`, `is_primary`, `created_at`) VALUES ('src-ep-anime-onk-8-720p', 'ep-anime-onk-8', '720p', 'mp4', 'https://cdn.zenith.dyzulk.net.eu.org/anime/demo/episode/1/720p.mp4', 'demo/720p.mp4', 0, (strftime('%s', 'now')));
INSERT INTO `video_sources` (`id`, `episode_id`, `quality_id`, `format_id`, `url`, `file_key`, `is_primary`, `created_at`) VALUES ('src-ep-anime-onk-8-1080p', 'ep-anime-onk-8', '1080p', 'mp4', 'https://cdn.zenith.dyzulk.net.eu.org/anime/demo/episode/1/1080p.mp4', 'demo/1080p.mp4', 1, (strftime('%s', 'now')));
INSERT INTO `episodes` (`id`, `anime_id`, `episode_number`, `title`, `synopsis`, `duration_seconds`, `thumbnail_key`, `view_count`, `created_at`) VALUES ('ep-anime-onk-9', 'anime-onk', 9, 'Episode 9', 'Detailed synopsis for episode 9.', 1440, '/demo/demo-landscape.webp', 0, (strftime('%s', 'now')));
INSERT INTO `video_sources` (`id`, `episode_id`, `quality_id`, `format_id`, `url`, `file_key`, `is_primary`, `created_at`) VALUES ('src-ep-anime-onk-9-360p', 'ep-anime-onk-9', '360p', 'mp4', 'https://cdn.zenith.dyzulk.net.eu.org/anime/demo/episode/1/360p.mp4', 'demo/360p.mp4', 0, (strftime('%s', 'now')));
INSERT INTO `video_sources` (`id`, `episode_id`, `quality_id`, `format_id`, `url`, `file_key`, `is_primary`, `created_at`) VALUES ('src-ep-anime-onk-9-480p', 'ep-anime-onk-9', '480p', 'mp4', 'https://cdn.zenith.dyzulk.net.eu.org/anime/demo/episode/1/480p.mp4', 'demo/480p.mp4', 0, (strftime('%s', 'now')));
INSERT INTO `video_sources` (`id`, `episode_id`, `quality_id`, `format_id`, `url`, `file_key`, `is_primary`, `created_at`) VALUES ('src-ep-anime-onk-9-720p', 'ep-anime-onk-9', '720p', 'mp4', 'https://cdn.zenith.dyzulk.net.eu.org/anime/demo/episode/1/720p.mp4', 'demo/720p.mp4', 0, (strftime('%s', 'now')));
INSERT INTO `video_sources` (`id`, `episode_id`, `quality_id`, `format_id`, `url`, `file_key`, `is_primary`, `created_at`) VALUES ('src-ep-anime-onk-9-1080p', 'ep-anime-onk-9', '1080p', 'mp4', 'https://cdn.zenith.dyzulk.net.eu.org/anime/demo/episode/1/1080p.mp4', 'demo/1080p.mp4', 1, (strftime('%s', 'now')));
INSERT INTO `episodes` (`id`, `anime_id`, `episode_number`, `title`, `synopsis`, `duration_seconds`, `thumbnail_key`, `view_count`, `created_at`) VALUES ('ep-anime-onk-10', 'anime-onk', 10, 'Episode 10', 'Detailed synopsis for episode 10.', 1440, '/demo/demo-landscape.webp', 0, (strftime('%s', 'now')));
INSERT INTO `video_sources` (`id`, `episode_id`, `quality_id`, `format_id`, `url`, `file_key`, `is_primary`, `created_at`) VALUES ('src-ep-anime-onk-10-360p', 'ep-anime-onk-10', '360p', 'mp4', 'https://cdn.zenith.dyzulk.net.eu.org/anime/demo/episode/1/360p.mp4', 'demo/360p.mp4', 0, (strftime('%s', 'now')));
INSERT INTO `video_sources` (`id`, `episode_id`, `quality_id`, `format_id`, `url`, `file_key`, `is_primary`, `created_at`) VALUES ('src-ep-anime-onk-10-480p', 'ep-anime-onk-10', '480p', 'mp4', 'https://cdn.zenith.dyzulk.net.eu.org/anime/demo/episode/1/480p.mp4', 'demo/480p.mp4', 0, (strftime('%s', 'now')));
INSERT INTO `video_sources` (`id`, `episode_id`, `quality_id`, `format_id`, `url`, `file_key`, `is_primary`, `created_at`) VALUES ('src-ep-anime-onk-10-720p', 'ep-anime-onk-10', '720p', 'mp4', 'https://cdn.zenith.dyzulk.net.eu.org/anime/demo/episode/1/720p.mp4', 'demo/720p.mp4', 0, (strftime('%s', 'now')));
INSERT INTO `video_sources` (`id`, `episode_id`, `quality_id`, `format_id`, `url`, `file_key`, `is_primary`, `created_at`) VALUES ('src-ep-anime-onk-10-1080p', 'ep-anime-onk-10', '1080p', 'mp4', 'https://cdn.zenith.dyzulk.net.eu.org/anime/demo/episode/1/1080p.mp4', 'demo/1080p.mp4', 1, (strftime('%s', 'now')));
INSERT INTO `episodes` (`id`, `anime_id`, `episode_number`, `title`, `synopsis`, `duration_seconds`, `thumbnail_key`, `view_count`, `created_at`) VALUES ('ep-anime-onk-11', 'anime-onk', 11, 'Episode 11', 'Detailed synopsis for episode 11.', 1440, '/demo/demo-landscape.webp', 0, (strftime('%s', 'now')));
INSERT INTO `video_sources` (`id`, `episode_id`, `quality_id`, `format_id`, `url`, `file_key`, `is_primary`, `created_at`) VALUES ('src-ep-anime-onk-11-360p', 'ep-anime-onk-11', '360p', 'mp4', 'https://cdn.zenith.dyzulk.net.eu.org/anime/demo/episode/1/360p.mp4', 'demo/360p.mp4', 0, (strftime('%s', 'now')));
INSERT INTO `video_sources` (`id`, `episode_id`, `quality_id`, `format_id`, `url`, `file_key`, `is_primary`, `created_at`) VALUES ('src-ep-anime-onk-11-480p', 'ep-anime-onk-11', '480p', 'mp4', 'https://cdn.zenith.dyzulk.net.eu.org/anime/demo/episode/1/480p.mp4', 'demo/480p.mp4', 0, (strftime('%s', 'now')));
INSERT INTO `video_sources` (`id`, `episode_id`, `quality_id`, `format_id`, `url`, `file_key`, `is_primary`, `created_at`) VALUES ('src-ep-anime-onk-11-720p', 'ep-anime-onk-11', '720p', 'mp4', 'https://cdn.zenith.dyzulk.net.eu.org/anime/demo/episode/1/720p.mp4', 'demo/720p.mp4', 0, (strftime('%s', 'now')));
INSERT INTO `video_sources` (`id`, `episode_id`, `quality_id`, `format_id`, `url`, `file_key`, `is_primary`, `created_at`) VALUES ('src-ep-anime-onk-11-1080p', 'ep-anime-onk-11', '1080p', 'mp4', 'https://cdn.zenith.dyzulk.net.eu.org/anime/demo/episode/1/1080p.mp4', 'demo/1080p.mp4', 1, (strftime('%s', 'now')));
INSERT INTO `episodes` (`id`, `anime_id`, `episode_number`, `title`, `synopsis`, `duration_seconds`, `thumbnail_key`, `view_count`, `created_at`) VALUES ('ep-anime-cyber-1', 'anime-cyber', 1, 'Episode 1', 'Detailed synopsis for episode 1.', 1440, '/demo/demo-landscape.webp', 0, (strftime('%s', 'now')));
INSERT INTO `video_sources` (`id`, `episode_id`, `quality_id`, `format_id`, `url`, `file_key`, `is_primary`, `created_at`) VALUES ('src-ep-anime-cyber-1-360p', 'ep-anime-cyber-1', '360p', 'mp4', 'https://cdn.zenith.dyzulk.net.eu.org/anime/demo/episode/1/360p.mp4', 'demo/360p.mp4', 0, (strftime('%s', 'now')));
INSERT INTO `video_sources` (`id`, `episode_id`, `quality_id`, `format_id`, `url`, `file_key`, `is_primary`, `created_at`) VALUES ('src-ep-anime-cyber-1-480p', 'ep-anime-cyber-1', '480p', 'mp4', 'https://cdn.zenith.dyzulk.net.eu.org/anime/demo/episode/1/480p.mp4', 'demo/480p.mp4', 0, (strftime('%s', 'now')));
INSERT INTO `video_sources` (`id`, `episode_id`, `quality_id`, `format_id`, `url`, `file_key`, `is_primary`, `created_at`) VALUES ('src-ep-anime-cyber-1-720p', 'ep-anime-cyber-1', '720p', 'mp4', 'https://cdn.zenith.dyzulk.net.eu.org/anime/demo/episode/1/720p.mp4', 'demo/720p.mp4', 0, (strftime('%s', 'now')));
INSERT INTO `video_sources` (`id`, `episode_id`, `quality_id`, `format_id`, `url`, `file_key`, `is_primary`, `created_at`) VALUES ('src-ep-anime-cyber-1-1080p', 'ep-anime-cyber-1', '1080p', 'mp4', 'https://cdn.zenith.dyzulk.net.eu.org/anime/demo/episode/1/1080p.mp4', 'demo/1080p.mp4', 1, (strftime('%s', 'now')));
INSERT INTO `episodes` (`id`, `anime_id`, `episode_number`, `title`, `synopsis`, `duration_seconds`, `thumbnail_key`, `view_count`, `created_at`) VALUES ('ep-anime-cyber-2', 'anime-cyber', 2, 'Episode 2', 'Detailed synopsis for episode 2.', 1440, '/demo/demo-landscape.webp', 0, (strftime('%s', 'now')));
INSERT INTO `video_sources` (`id`, `episode_id`, `quality_id`, `format_id`, `url`, `file_key`, `is_primary`, `created_at`) VALUES ('src-ep-anime-cyber-2-360p', 'ep-anime-cyber-2', '360p', 'mp4', 'https://cdn.zenith.dyzulk.net.eu.org/anime/demo/episode/1/360p.mp4', 'demo/360p.mp4', 0, (strftime('%s', 'now')));
INSERT INTO `video_sources` (`id`, `episode_id`, `quality_id`, `format_id`, `url`, `file_key`, `is_primary`, `created_at`) VALUES ('src-ep-anime-cyber-2-480p', 'ep-anime-cyber-2', '480p', 'mp4', 'https://cdn.zenith.dyzulk.net.eu.org/anime/demo/episode/1/480p.mp4', 'demo/480p.mp4', 0, (strftime('%s', 'now')));
INSERT INTO `video_sources` (`id`, `episode_id`, `quality_id`, `format_id`, `url`, `file_key`, `is_primary`, `created_at`) VALUES ('src-ep-anime-cyber-2-720p', 'ep-anime-cyber-2', '720p', 'mp4', 'https://cdn.zenith.dyzulk.net.eu.org/anime/demo/episode/1/720p.mp4', 'demo/720p.mp4', 0, (strftime('%s', 'now')));
INSERT INTO `video_sources` (`id`, `episode_id`, `quality_id`, `format_id`, `url`, `file_key`, `is_primary`, `created_at`) VALUES ('src-ep-anime-cyber-2-1080p', 'ep-anime-cyber-2', '1080p', 'mp4', 'https://cdn.zenith.dyzulk.net.eu.org/anime/demo/episode/1/1080p.mp4', 'demo/1080p.mp4', 1, (strftime('%s', 'now')));
INSERT INTO `episodes` (`id`, `anime_id`, `episode_number`, `title`, `synopsis`, `duration_seconds`, `thumbnail_key`, `view_count`, `created_at`) VALUES ('ep-anime-cyber-3', 'anime-cyber', 3, 'Episode 3', 'Detailed synopsis for episode 3.', 1440, '/demo/demo-landscape.webp', 0, (strftime('%s', 'now')));
INSERT INTO `video_sources` (`id`, `episode_id`, `quality_id`, `format_id`, `url`, `file_key`, `is_primary`, `created_at`) VALUES ('src-ep-anime-cyber-3-360p', 'ep-anime-cyber-3', '360p', 'mp4', 'https://cdn.zenith.dyzulk.net.eu.org/anime/demo/episode/1/360p.mp4', 'demo/360p.mp4', 0, (strftime('%s', 'now')));
INSERT INTO `video_sources` (`id`, `episode_id`, `quality_id`, `format_id`, `url`, `file_key`, `is_primary`, `created_at`) VALUES ('src-ep-anime-cyber-3-480p', 'ep-anime-cyber-3', '480p', 'mp4', 'https://cdn.zenith.dyzulk.net.eu.org/anime/demo/episode/1/480p.mp4', 'demo/480p.mp4', 0, (strftime('%s', 'now')));
INSERT INTO `video_sources` (`id`, `episode_id`, `quality_id`, `format_id`, `url`, `file_key`, `is_primary`, `created_at`) VALUES ('src-ep-anime-cyber-3-720p', 'ep-anime-cyber-3', '720p', 'mp4', 'https://cdn.zenith.dyzulk.net.eu.org/anime/demo/episode/1/720p.mp4', 'demo/720p.mp4', 0, (strftime('%s', 'now')));
INSERT INTO `video_sources` (`id`, `episode_id`, `quality_id`, `format_id`, `url`, `file_key`, `is_primary`, `created_at`) VALUES ('src-ep-anime-cyber-3-1080p', 'ep-anime-cyber-3', '1080p', 'mp4', 'https://cdn.zenith.dyzulk.net.eu.org/anime/demo/episode/1/1080p.mp4', 'demo/1080p.mp4', 1, (strftime('%s', 'now')));
INSERT INTO `episodes` (`id`, `anime_id`, `episode_number`, `title`, `synopsis`, `duration_seconds`, `thumbnail_key`, `view_count`, `created_at`) VALUES ('ep-anime-cyber-4', 'anime-cyber', 4, 'Episode 4', 'Detailed synopsis for episode 4.', 1440, '/demo/demo-landscape.webp', 0, (strftime('%s', 'now')));
INSERT INTO `video_sources` (`id`, `episode_id`, `quality_id`, `format_id`, `url`, `file_key`, `is_primary`, `created_at`) VALUES ('src-ep-anime-cyber-4-360p', 'ep-anime-cyber-4', '360p', 'mp4', 'https://cdn.zenith.dyzulk.net.eu.org/anime/demo/episode/1/360p.mp4', 'demo/360p.mp4', 0, (strftime('%s', 'now')));
INSERT INTO `video_sources` (`id`, `episode_id`, `quality_id`, `format_id`, `url`, `file_key`, `is_primary`, `created_at`) VALUES ('src-ep-anime-cyber-4-480p', 'ep-anime-cyber-4', '480p', 'mp4', 'https://cdn.zenith.dyzulk.net.eu.org/anime/demo/episode/1/480p.mp4', 'demo/480p.mp4', 0, (strftime('%s', 'now')));
INSERT INTO `video_sources` (`id`, `episode_id`, `quality_id`, `format_id`, `url`, `file_key`, `is_primary`, `created_at`) VALUES ('src-ep-anime-cyber-4-720p', 'ep-anime-cyber-4', '720p', 'mp4', 'https://cdn.zenith.dyzulk.net.eu.org/anime/demo/episode/1/720p.mp4', 'demo/720p.mp4', 0, (strftime('%s', 'now')));
INSERT INTO `video_sources` (`id`, `episode_id`, `quality_id`, `format_id`, `url`, `file_key`, `is_primary`, `created_at`) VALUES ('src-ep-anime-cyber-4-1080p', 'ep-anime-cyber-4', '1080p', 'mp4', 'https://cdn.zenith.dyzulk.net.eu.org/anime/demo/episode/1/1080p.mp4', 'demo/1080p.mp4', 1, (strftime('%s', 'now')));
INSERT INTO `episodes` (`id`, `anime_id`, `episode_number`, `title`, `synopsis`, `duration_seconds`, `thumbnail_key`, `view_count`, `created_at`) VALUES ('ep-anime-cyber-5', 'anime-cyber', 5, 'Episode 5', 'Detailed synopsis for episode 5.', 1440, '/demo/demo-landscape.webp', 0, (strftime('%s', 'now')));
INSERT INTO `video_sources` (`id`, `episode_id`, `quality_id`, `format_id`, `url`, `file_key`, `is_primary`, `created_at`) VALUES ('src-ep-anime-cyber-5-360p', 'ep-anime-cyber-5', '360p', 'mp4', 'https://cdn.zenith.dyzulk.net.eu.org/anime/demo/episode/1/360p.mp4', 'demo/360p.mp4', 0, (strftime('%s', 'now')));
INSERT INTO `video_sources` (`id`, `episode_id`, `quality_id`, `format_id`, `url`, `file_key`, `is_primary`, `created_at`) VALUES ('src-ep-anime-cyber-5-480p', 'ep-anime-cyber-5', '480p', 'mp4', 'https://cdn.zenith.dyzulk.net.eu.org/anime/demo/episode/1/480p.mp4', 'demo/480p.mp4', 0, (strftime('%s', 'now')));
INSERT INTO `video_sources` (`id`, `episode_id`, `quality_id`, `format_id`, `url`, `file_key`, `is_primary`, `created_at`) VALUES ('src-ep-anime-cyber-5-720p', 'ep-anime-cyber-5', '720p', 'mp4', 'https://cdn.zenith.dyzulk.net.eu.org/anime/demo/episode/1/720p.mp4', 'demo/720p.mp4', 0, (strftime('%s', 'now')));
INSERT INTO `video_sources` (`id`, `episode_id`, `quality_id`, `format_id`, `url`, `file_key`, `is_primary`, `created_at`) VALUES ('src-ep-anime-cyber-5-1080p', 'ep-anime-cyber-5', '1080p', 'mp4', 'https://cdn.zenith.dyzulk.net.eu.org/anime/demo/episode/1/1080p.mp4', 'demo/1080p.mp4', 1, (strftime('%s', 'now')));
INSERT INTO `episodes` (`id`, `anime_id`, `episode_number`, `title`, `synopsis`, `duration_seconds`, `thumbnail_key`, `view_count`, `created_at`) VALUES ('ep-anime-cyber-6', 'anime-cyber', 6, 'Episode 6', 'Detailed synopsis for episode 6.', 1440, '/demo/demo-landscape.webp', 0, (strftime('%s', 'now')));
INSERT INTO `video_sources` (`id`, `episode_id`, `quality_id`, `format_id`, `url`, `file_key`, `is_primary`, `created_at`) VALUES ('src-ep-anime-cyber-6-360p', 'ep-anime-cyber-6', '360p', 'mp4', 'https://cdn.zenith.dyzulk.net.eu.org/anime/demo/episode/1/360p.mp4', 'demo/360p.mp4', 0, (strftime('%s', 'now')));
INSERT INTO `video_sources` (`id`, `episode_id`, `quality_id`, `format_id`, `url`, `file_key`, `is_primary`, `created_at`) VALUES ('src-ep-anime-cyber-6-480p', 'ep-anime-cyber-6', '480p', 'mp4', 'https://cdn.zenith.dyzulk.net.eu.org/anime/demo/episode/1/480p.mp4', 'demo/480p.mp4', 0, (strftime('%s', 'now')));
INSERT INTO `video_sources` (`id`, `episode_id`, `quality_id`, `format_id`, `url`, `file_key`, `is_primary`, `created_at`) VALUES ('src-ep-anime-cyber-6-720p', 'ep-anime-cyber-6', '720p', 'mp4', 'https://cdn.zenith.dyzulk.net.eu.org/anime/demo/episode/1/720p.mp4', 'demo/720p.mp4', 0, (strftime('%s', 'now')));
INSERT INTO `video_sources` (`id`, `episode_id`, `quality_id`, `format_id`, `url`, `file_key`, `is_primary`, `created_at`) VALUES ('src-ep-anime-cyber-6-1080p', 'ep-anime-cyber-6', '1080p', 'mp4', 'https://cdn.zenith.dyzulk.net.eu.org/anime/demo/episode/1/1080p.mp4', 'demo/1080p.mp4', 1, (strftime('%s', 'now')));
INSERT INTO `episodes` (`id`, `anime_id`, `episode_number`, `title`, `synopsis`, `duration_seconds`, `thumbnail_key`, `view_count`, `created_at`) VALUES ('ep-anime-cyber-7', 'anime-cyber', 7, 'Episode 7', 'Detailed synopsis for episode 7.', 1440, '/demo/demo-landscape.webp', 0, (strftime('%s', 'now')));
INSERT INTO `video_sources` (`id`, `episode_id`, `quality_id`, `format_id`, `url`, `file_key`, `is_primary`, `created_at`) VALUES ('src-ep-anime-cyber-7-360p', 'ep-anime-cyber-7', '360p', 'mp4', 'https://cdn.zenith.dyzulk.net.eu.org/anime/demo/episode/1/360p.mp4', 'demo/360p.mp4', 0, (strftime('%s', 'now')));
INSERT INTO `video_sources` (`id`, `episode_id`, `quality_id`, `format_id`, `url`, `file_key`, `is_primary`, `created_at`) VALUES ('src-ep-anime-cyber-7-480p', 'ep-anime-cyber-7', '480p', 'mp4', 'https://cdn.zenith.dyzulk.net.eu.org/anime/demo/episode/1/480p.mp4', 'demo/480p.mp4', 0, (strftime('%s', 'now')));
INSERT INTO `video_sources` (`id`, `episode_id`, `quality_id`, `format_id`, `url`, `file_key`, `is_primary`, `created_at`) VALUES ('src-ep-anime-cyber-7-720p', 'ep-anime-cyber-7', '720p', 'mp4', 'https://cdn.zenith.dyzulk.net.eu.org/anime/demo/episode/1/720p.mp4', 'demo/720p.mp4', 0, (strftime('%s', 'now')));
INSERT INTO `video_sources` (`id`, `episode_id`, `quality_id`, `format_id`, `url`, `file_key`, `is_primary`, `created_at`) VALUES ('src-ep-anime-cyber-7-1080p', 'ep-anime-cyber-7', '1080p', 'mp4', 'https://cdn.zenith.dyzulk.net.eu.org/anime/demo/episode/1/1080p.mp4', 'demo/1080p.mp4', 1, (strftime('%s', 'now')));
INSERT INTO `episodes` (`id`, `anime_id`, `episode_number`, `title`, `synopsis`, `duration_seconds`, `thumbnail_key`, `view_count`, `created_at`) VALUES ('ep-anime-cyber-8', 'anime-cyber', 8, 'Episode 8', 'Detailed synopsis for episode 8.', 1440, '/demo/demo-landscape.webp', 0, (strftime('%s', 'now')));
INSERT INTO `video_sources` (`id`, `episode_id`, `quality_id`, `format_id`, `url`, `file_key`, `is_primary`, `created_at`) VALUES ('src-ep-anime-cyber-8-360p', 'ep-anime-cyber-8', '360p', 'mp4', 'https://cdn.zenith.dyzulk.net.eu.org/anime/demo/episode/1/360p.mp4', 'demo/360p.mp4', 0, (strftime('%s', 'now')));
INSERT INTO `video_sources` (`id`, `episode_id`, `quality_id`, `format_id`, `url`, `file_key`, `is_primary`, `created_at`) VALUES ('src-ep-anime-cyber-8-480p', 'ep-anime-cyber-8', '480p', 'mp4', 'https://cdn.zenith.dyzulk.net.eu.org/anime/demo/episode/1/480p.mp4', 'demo/480p.mp4', 0, (strftime('%s', 'now')));
INSERT INTO `video_sources` (`id`, `episode_id`, `quality_id`, `format_id`, `url`, `file_key`, `is_primary`, `created_at`) VALUES ('src-ep-anime-cyber-8-720p', 'ep-anime-cyber-8', '720p', 'mp4', 'https://cdn.zenith.dyzulk.net.eu.org/anime/demo/episode/1/720p.mp4', 'demo/720p.mp4', 0, (strftime('%s', 'now')));
INSERT INTO `video_sources` (`id`, `episode_id`, `quality_id`, `format_id`, `url`, `file_key`, `is_primary`, `created_at`) VALUES ('src-ep-anime-cyber-8-1080p', 'ep-anime-cyber-8', '1080p', 'mp4', 'https://cdn.zenith.dyzulk.net.eu.org/anime/demo/episode/1/1080p.mp4', 'demo/1080p.mp4', 1, (strftime('%s', 'now')));
INSERT INTO `episodes` (`id`, `anime_id`, `episode_number`, `title`, `synopsis`, `duration_seconds`, `thumbnail_key`, `view_count`, `created_at`) VALUES ('ep-anime-cyber-9', 'anime-cyber', 9, 'Episode 9', 'Detailed synopsis for episode 9.', 1440, '/demo/demo-landscape.webp', 0, (strftime('%s', 'now')));
INSERT INTO `video_sources` (`id`, `episode_id`, `quality_id`, `format_id`, `url`, `file_key`, `is_primary`, `created_at`) VALUES ('src-ep-anime-cyber-9-360p', 'ep-anime-cyber-9', '360p', 'mp4', 'https://cdn.zenith.dyzulk.net.eu.org/anime/demo/episode/1/360p.mp4', 'demo/360p.mp4', 0, (strftime('%s', 'now')));
INSERT INTO `video_sources` (`id`, `episode_id`, `quality_id`, `format_id`, `url`, `file_key`, `is_primary`, `created_at`) VALUES ('src-ep-anime-cyber-9-480p', 'ep-anime-cyber-9', '480p', 'mp4', 'https://cdn.zenith.dyzulk.net.eu.org/anime/demo/episode/1/480p.mp4', 'demo/480p.mp4', 0, (strftime('%s', 'now')));
INSERT INTO `video_sources` (`id`, `episode_id`, `quality_id`, `format_id`, `url`, `file_key`, `is_primary`, `created_at`) VALUES ('src-ep-anime-cyber-9-720p', 'ep-anime-cyber-9', '720p', 'mp4', 'https://cdn.zenith.dyzulk.net.eu.org/anime/demo/episode/1/720p.mp4', 'demo/720p.mp4', 0, (strftime('%s', 'now')));
INSERT INTO `video_sources` (`id`, `episode_id`, `quality_id`, `format_id`, `url`, `file_key`, `is_primary`, `created_at`) VALUES ('src-ep-anime-cyber-9-1080p', 'ep-anime-cyber-9', '1080p', 'mp4', 'https://cdn.zenith.dyzulk.net.eu.org/anime/demo/episode/1/1080p.mp4', 'demo/1080p.mp4', 1, (strftime('%s', 'now')));
INSERT INTO `episodes` (`id`, `anime_id`, `episode_number`, `title`, `synopsis`, `duration_seconds`, `thumbnail_key`, `view_count`, `created_at`) VALUES ('ep-anime-cyber-10', 'anime-cyber', 10, 'Episode 10', 'Detailed synopsis for episode 10.', 1440, '/demo/demo-landscape.webp', 0, (strftime('%s', 'now')));
INSERT INTO `video_sources` (`id`, `episode_id`, `quality_id`, `format_id`, `url`, `file_key`, `is_primary`, `created_at`) VALUES ('src-ep-anime-cyber-10-360p', 'ep-anime-cyber-10', '360p', 'mp4', 'https://cdn.zenith.dyzulk.net.eu.org/anime/demo/episode/1/360p.mp4', 'demo/360p.mp4', 0, (strftime('%s', 'now')));
INSERT INTO `video_sources` (`id`, `episode_id`, `quality_id`, `format_id`, `url`, `file_key`, `is_primary`, `created_at`) VALUES ('src-ep-anime-cyber-10-480p', 'ep-anime-cyber-10', '480p', 'mp4', 'https://cdn.zenith.dyzulk.net.eu.org/anime/demo/episode/1/480p.mp4', 'demo/480p.mp4', 0, (strftime('%s', 'now')));
INSERT INTO `video_sources` (`id`, `episode_id`, `quality_id`, `format_id`, `url`, `file_key`, `is_primary`, `created_at`) VALUES ('src-ep-anime-cyber-10-720p', 'ep-anime-cyber-10', '720p', 'mp4', 'https://cdn.zenith.dyzulk.net.eu.org/anime/demo/episode/1/720p.mp4', 'demo/720p.mp4', 0, (strftime('%s', 'now')));
INSERT INTO `video_sources` (`id`, `episode_id`, `quality_id`, `format_id`, `url`, `file_key`, `is_primary`, `created_at`) VALUES ('src-ep-anime-cyber-10-1080p', 'ep-anime-cyber-10', '1080p', 'mp4', 'https://cdn.zenith.dyzulk.net.eu.org/anime/demo/episode/1/1080p.mp4', 'demo/1080p.mp4', 1, (strftime('%s', 'now')));
INSERT INTO `episodes` (`id`, `anime_id`, `episode_number`, `title`, `synopsis`, `duration_seconds`, `thumbnail_key`, `view_count`, `created_at`) VALUES ('ep-anime-frieren-1', 'anime-frieren', 1, 'Episode 1', 'Detailed synopsis for episode 1.', 1440, '/demo/demo-landscape.webp', 0, (strftime('%s', 'now')));
INSERT INTO `video_sources` (`id`, `episode_id`, `quality_id`, `format_id`, `url`, `file_key`, `is_primary`, `created_at`) VALUES ('src-ep-anime-frieren-1-360p', 'ep-anime-frieren-1', '360p', 'mp4', 'https://cdn.zenith.dyzulk.net.eu.org/anime/demo/episode/1/360p.mp4', 'demo/360p.mp4', 0, (strftime('%s', 'now')));
INSERT INTO `video_sources` (`id`, `episode_id`, `quality_id`, `format_id`, `url`, `file_key`, `is_primary`, `created_at`) VALUES ('src-ep-anime-frieren-1-480p', 'ep-anime-frieren-1', '480p', 'mp4', 'https://cdn.zenith.dyzulk.net.eu.org/anime/demo/episode/1/480p.mp4', 'demo/480p.mp4', 0, (strftime('%s', 'now')));
INSERT INTO `video_sources` (`id`, `episode_id`, `quality_id`, `format_id`, `url`, `file_key`, `is_primary`, `created_at`) VALUES ('src-ep-anime-frieren-1-720p', 'ep-anime-frieren-1', '720p', 'mp4', 'https://cdn.zenith.dyzulk.net.eu.org/anime/demo/episode/1/720p.mp4', 'demo/720p.mp4', 0, (strftime('%s', 'now')));
INSERT INTO `video_sources` (`id`, `episode_id`, `quality_id`, `format_id`, `url`, `file_key`, `is_primary`, `created_at`) VALUES ('src-ep-anime-frieren-1-1080p', 'ep-anime-frieren-1', '1080p', 'mp4', 'https://cdn.zenith.dyzulk.net.eu.org/anime/demo/episode/1/1080p.mp4', 'demo/1080p.mp4', 1, (strftime('%s', 'now')));
INSERT INTO `episodes` (`id`, `anime_id`, `episode_number`, `title`, `synopsis`, `duration_seconds`, `thumbnail_key`, `view_count`, `created_at`) VALUES ('ep-anime-frieren-2', 'anime-frieren', 2, 'Episode 2', 'Detailed synopsis for episode 2.', 1440, '/demo/demo-landscape.webp', 0, (strftime('%s', 'now')));
INSERT INTO `video_sources` (`id`, `episode_id`, `quality_id`, `format_id`, `url`, `file_key`, `is_primary`, `created_at`) VALUES ('src-ep-anime-frieren-2-360p', 'ep-anime-frieren-2', '360p', 'mp4', 'https://cdn.zenith.dyzulk.net.eu.org/anime/demo/episode/1/360p.mp4', 'demo/360p.mp4', 0, (strftime('%s', 'now')));
INSERT INTO `video_sources` (`id`, `episode_id`, `quality_id`, `format_id`, `url`, `file_key`, `is_primary`, `created_at`) VALUES ('src-ep-anime-frieren-2-480p', 'ep-anime-frieren-2', '480p', 'mp4', 'https://cdn.zenith.dyzulk.net.eu.org/anime/demo/episode/1/480p.mp4', 'demo/480p.mp4', 0, (strftime('%s', 'now')));
INSERT INTO `video_sources` (`id`, `episode_id`, `quality_id`, `format_id`, `url`, `file_key`, `is_primary`, `created_at`) VALUES ('src-ep-anime-frieren-2-720p', 'ep-anime-frieren-2', '720p', 'mp4', 'https://cdn.zenith.dyzulk.net.eu.org/anime/demo/episode/1/720p.mp4', 'demo/720p.mp4', 0, (strftime('%s', 'now')));
INSERT INTO `video_sources` (`id`, `episode_id`, `quality_id`, `format_id`, `url`, `file_key`, `is_primary`, `created_at`) VALUES ('src-ep-anime-frieren-2-1080p', 'ep-anime-frieren-2', '1080p', 'mp4', 'https://cdn.zenith.dyzulk.net.eu.org/anime/demo/episode/1/1080p.mp4', 'demo/1080p.mp4', 1, (strftime('%s', 'now')));
INSERT INTO `episodes` (`id`, `anime_id`, `episode_number`, `title`, `synopsis`, `duration_seconds`, `thumbnail_key`, `view_count`, `created_at`) VALUES ('ep-anime-frieren-3', 'anime-frieren', 3, 'Episode 3', 'Detailed synopsis for episode 3.', 1440, '/demo/demo-landscape.webp', 0, (strftime('%s', 'now')));
INSERT INTO `video_sources` (`id`, `episode_id`, `quality_id`, `format_id`, `url`, `file_key`, `is_primary`, `created_at`) VALUES ('src-ep-anime-frieren-3-360p', 'ep-anime-frieren-3', '360p', 'mp4', 'https://cdn.zenith.dyzulk.net.eu.org/anime/demo/episode/1/360p.mp4', 'demo/360p.mp4', 0, (strftime('%s', 'now')));
INSERT INTO `video_sources` (`id`, `episode_id`, `quality_id`, `format_id`, `url`, `file_key`, `is_primary`, `created_at`) VALUES ('src-ep-anime-frieren-3-480p', 'ep-anime-frieren-3', '480p', 'mp4', 'https://cdn.zenith.dyzulk.net.eu.org/anime/demo/episode/1/480p.mp4', 'demo/480p.mp4', 0, (strftime('%s', 'now')));
INSERT INTO `video_sources` (`id`, `episode_id`, `quality_id`, `format_id`, `url`, `file_key`, `is_primary`, `created_at`) VALUES ('src-ep-anime-frieren-3-720p', 'ep-anime-frieren-3', '720p', 'mp4', 'https://cdn.zenith.dyzulk.net.eu.org/anime/demo/episode/1/720p.mp4', 'demo/720p.mp4', 0, (strftime('%s', 'now')));
INSERT INTO `video_sources` (`id`, `episode_id`, `quality_id`, `format_id`, `url`, `file_key`, `is_primary`, `created_at`) VALUES ('src-ep-anime-frieren-3-1080p', 'ep-anime-frieren-3', '1080p', 'mp4', 'https://cdn.zenith.dyzulk.net.eu.org/anime/demo/episode/1/1080p.mp4', 'demo/1080p.mp4', 1, (strftime('%s', 'now')));
INSERT INTO `episodes` (`id`, `anime_id`, `episode_number`, `title`, `synopsis`, `duration_seconds`, `thumbnail_key`, `view_count`, `created_at`) VALUES ('ep-anime-frieren-4', 'anime-frieren', 4, 'Episode 4', 'Detailed synopsis for episode 4.', 1440, '/demo/demo-landscape.webp', 0, (strftime('%s', 'now')));
INSERT INTO `video_sources` (`id`, `episode_id`, `quality_id`, `format_id`, `url`, `file_key`, `is_primary`, `created_at`) VALUES ('src-ep-anime-frieren-4-360p', 'ep-anime-frieren-4', '360p', 'mp4', 'https://cdn.zenith.dyzulk.net.eu.org/anime/demo/episode/1/360p.mp4', 'demo/360p.mp4', 0, (strftime('%s', 'now')));
INSERT INTO `video_sources` (`id`, `episode_id`, `quality_id`, `format_id`, `url`, `file_key`, `is_primary`, `created_at`) VALUES ('src-ep-anime-frieren-4-480p', 'ep-anime-frieren-4', '480p', 'mp4', 'https://cdn.zenith.dyzulk.net.eu.org/anime/demo/episode/1/480p.mp4', 'demo/480p.mp4', 0, (strftime('%s', 'now')));
INSERT INTO `video_sources` (`id`, `episode_id`, `quality_id`, `format_id`, `url`, `file_key`, `is_primary`, `created_at`) VALUES ('src-ep-anime-frieren-4-720p', 'ep-anime-frieren-4', '720p', 'mp4', 'https://cdn.zenith.dyzulk.net.eu.org/anime/demo/episode/1/720p.mp4', 'demo/720p.mp4', 0, (strftime('%s', 'now')));
INSERT INTO `video_sources` (`id`, `episode_id`, `quality_id`, `format_id`, `url`, `file_key`, `is_primary`, `created_at`) VALUES ('src-ep-anime-frieren-4-1080p', 'ep-anime-frieren-4', '1080p', 'mp4', 'https://cdn.zenith.dyzulk.net.eu.org/anime/demo/episode/1/1080p.mp4', 'demo/1080p.mp4', 1, (strftime('%s', 'now')));
INSERT INTO `episodes` (`id`, `anime_id`, `episode_number`, `title`, `synopsis`, `duration_seconds`, `thumbnail_key`, `view_count`, `created_at`) VALUES ('ep-anime-frieren-5', 'anime-frieren', 5, 'Episode 5', 'Detailed synopsis for episode 5.', 1440, '/demo/demo-landscape.webp', 0, (strftime('%s', 'now')));
INSERT INTO `video_sources` (`id`, `episode_id`, `quality_id`, `format_id`, `url`, `file_key`, `is_primary`, `created_at`) VALUES ('src-ep-anime-frieren-5-360p', 'ep-anime-frieren-5', '360p', 'mp4', 'https://cdn.zenith.dyzulk.net.eu.org/anime/demo/episode/1/360p.mp4', 'demo/360p.mp4', 0, (strftime('%s', 'now')));
INSERT INTO `video_sources` (`id`, `episode_id`, `quality_id`, `format_id`, `url`, `file_key`, `is_primary`, `created_at`) VALUES ('src-ep-anime-frieren-5-480p', 'ep-anime-frieren-5', '480p', 'mp4', 'https://cdn.zenith.dyzulk.net.eu.org/anime/demo/episode/1/480p.mp4', 'demo/480p.mp4', 0, (strftime('%s', 'now')));
INSERT INTO `video_sources` (`id`, `episode_id`, `quality_id`, `format_id`, `url`, `file_key`, `is_primary`, `created_at`) VALUES ('src-ep-anime-frieren-5-720p', 'ep-anime-frieren-5', '720p', 'mp4', 'https://cdn.zenith.dyzulk.net.eu.org/anime/demo/episode/1/720p.mp4', 'demo/720p.mp4', 0, (strftime('%s', 'now')));
INSERT INTO `video_sources` (`id`, `episode_id`, `quality_id`, `format_id`, `url`, `file_key`, `is_primary`, `created_at`) VALUES ('src-ep-anime-frieren-5-1080p', 'ep-anime-frieren-5', '1080p', 'mp4', 'https://cdn.zenith.dyzulk.net.eu.org/anime/demo/episode/1/1080p.mp4', 'demo/1080p.mp4', 1, (strftime('%s', 'now')));
INSERT INTO `episodes` (`id`, `anime_id`, `episode_number`, `title`, `synopsis`, `duration_seconds`, `thumbnail_key`, `view_count`, `created_at`) VALUES ('ep-anime-frieren-6', 'anime-frieren', 6, 'Episode 6', 'Detailed synopsis for episode 6.', 1440, '/demo/demo-landscape.webp', 0, (strftime('%s', 'now')));
INSERT INTO `video_sources` (`id`, `episode_id`, `quality_id`, `format_id`, `url`, `file_key`, `is_primary`, `created_at`) VALUES ('src-ep-anime-frieren-6-360p', 'ep-anime-frieren-6', '360p', 'mp4', 'https://cdn.zenith.dyzulk.net.eu.org/anime/demo/episode/1/360p.mp4', 'demo/360p.mp4', 0, (strftime('%s', 'now')));
INSERT INTO `video_sources` (`id`, `episode_id`, `quality_id`, `format_id`, `url`, `file_key`, `is_primary`, `created_at`) VALUES ('src-ep-anime-frieren-6-480p', 'ep-anime-frieren-6', '480p', 'mp4', 'https://cdn.zenith.dyzulk.net.eu.org/anime/demo/episode/1/480p.mp4', 'demo/480p.mp4', 0, (strftime('%s', 'now')));
INSERT INTO `video_sources` (`id`, `episode_id`, `quality_id`, `format_id`, `url`, `file_key`, `is_primary`, `created_at`) VALUES ('src-ep-anime-frieren-6-720p', 'ep-anime-frieren-6', '720p', 'mp4', 'https://cdn.zenith.dyzulk.net.eu.org/anime/demo/episode/1/720p.mp4', 'demo/720p.mp4', 0, (strftime('%s', 'now')));
INSERT INTO `video_sources` (`id`, `episode_id`, `quality_id`, `format_id`, `url`, `file_key`, `is_primary`, `created_at`) VALUES ('src-ep-anime-frieren-6-1080p', 'ep-anime-frieren-6', '1080p', 'mp4', 'https://cdn.zenith.dyzulk.net.eu.org/anime/demo/episode/1/1080p.mp4', 'demo/1080p.mp4', 1, (strftime('%s', 'now')));
INSERT INTO `episodes` (`id`, `anime_id`, `episode_number`, `title`, `synopsis`, `duration_seconds`, `thumbnail_key`, `view_count`, `created_at`) VALUES ('ep-anime-frieren-7', 'anime-frieren', 7, 'Episode 7', 'Detailed synopsis for episode 7.', 1440, '/demo/demo-landscape.webp', 0, (strftime('%s', 'now')));
INSERT INTO `video_sources` (`id`, `episode_id`, `quality_id`, `format_id`, `url`, `file_key`, `is_primary`, `created_at`) VALUES ('src-ep-anime-frieren-7-360p', 'ep-anime-frieren-7', '360p', 'mp4', 'https://cdn.zenith.dyzulk.net.eu.org/anime/demo/episode/1/360p.mp4', 'demo/360p.mp4', 0, (strftime('%s', 'now')));
INSERT INTO `video_sources` (`id`, `episode_id`, `quality_id`, `format_id`, `url`, `file_key`, `is_primary`, `created_at`) VALUES ('src-ep-anime-frieren-7-480p', 'ep-anime-frieren-7', '480p', 'mp4', 'https://cdn.zenith.dyzulk.net.eu.org/anime/demo/episode/1/480p.mp4', 'demo/480p.mp4', 0, (strftime('%s', 'now')));
INSERT INTO `video_sources` (`id`, `episode_id`, `quality_id`, `format_id`, `url`, `file_key`, `is_primary`, `created_at`) VALUES ('src-ep-anime-frieren-7-720p', 'ep-anime-frieren-7', '720p', 'mp4', 'https://cdn.zenith.dyzulk.net.eu.org/anime/demo/episode/1/720p.mp4', 'demo/720p.mp4', 0, (strftime('%s', 'now')));
INSERT INTO `video_sources` (`id`, `episode_id`, `quality_id`, `format_id`, `url`, `file_key`, `is_primary`, `created_at`) VALUES ('src-ep-anime-frieren-7-1080p', 'ep-anime-frieren-7', '1080p', 'mp4', 'https://cdn.zenith.dyzulk.net.eu.org/anime/demo/episode/1/1080p.mp4', 'demo/1080p.mp4', 1, (strftime('%s', 'now')));
INSERT INTO `episodes` (`id`, `anime_id`, `episode_number`, `title`, `synopsis`, `duration_seconds`, `thumbnail_key`, `view_count`, `created_at`) VALUES ('ep-anime-frieren-8', 'anime-frieren', 8, 'Episode 8', 'Detailed synopsis for episode 8.', 1440, '/demo/demo-landscape.webp', 0, (strftime('%s', 'now')));
INSERT INTO `video_sources` (`id`, `episode_id`, `quality_id`, `format_id`, `url`, `file_key`, `is_primary`, `created_at`) VALUES ('src-ep-anime-frieren-8-360p', 'ep-anime-frieren-8', '360p', 'mp4', 'https://cdn.zenith.dyzulk.net.eu.org/anime/demo/episode/1/360p.mp4', 'demo/360p.mp4', 0, (strftime('%s', 'now')));
INSERT INTO `video_sources` (`id`, `episode_id`, `quality_id`, `format_id`, `url`, `file_key`, `is_primary`, `created_at`) VALUES ('src-ep-anime-frieren-8-480p', 'ep-anime-frieren-8', '480p', 'mp4', 'https://cdn.zenith.dyzulk.net.eu.org/anime/demo/episode/1/480p.mp4', 'demo/480p.mp4', 0, (strftime('%s', 'now')));
INSERT INTO `video_sources` (`id`, `episode_id`, `quality_id`, `format_id`, `url`, `file_key`, `is_primary`, `created_at`) VALUES ('src-ep-anime-frieren-8-720p', 'ep-anime-frieren-8', '720p', 'mp4', 'https://cdn.zenith.dyzulk.net.eu.org/anime/demo/episode/1/720p.mp4', 'demo/720p.mp4', 0, (strftime('%s', 'now')));
INSERT INTO `video_sources` (`id`, `episode_id`, `quality_id`, `format_id`, `url`, `file_key`, `is_primary`, `created_at`) VALUES ('src-ep-anime-frieren-8-1080p', 'ep-anime-frieren-8', '1080p', 'mp4', 'https://cdn.zenith.dyzulk.net.eu.org/anime/demo/episode/1/1080p.mp4', 'demo/1080p.mp4', 1, (strftime('%s', 'now')));
INSERT INTO `episodes` (`id`, `anime_id`, `episode_number`, `title`, `synopsis`, `duration_seconds`, `thumbnail_key`, `view_count`, `created_at`) VALUES ('ep-anime-frieren-9', 'anime-frieren', 9, 'Episode 9', 'Detailed synopsis for episode 9.', 1440, '/demo/demo-landscape.webp', 0, (strftime('%s', 'now')));
INSERT INTO `video_sources` (`id`, `episode_id`, `quality_id`, `format_id`, `url`, `file_key`, `is_primary`, `created_at`) VALUES ('src-ep-anime-frieren-9-360p', 'ep-anime-frieren-9', '360p', 'mp4', 'https://cdn.zenith.dyzulk.net.eu.org/anime/demo/episode/1/360p.mp4', 'demo/360p.mp4', 0, (strftime('%s', 'now')));
INSERT INTO `video_sources` (`id`, `episode_id`, `quality_id`, `format_id`, `url`, `file_key`, `is_primary`, `created_at`) VALUES ('src-ep-anime-frieren-9-480p', 'ep-anime-frieren-9', '480p', 'mp4', 'https://cdn.zenith.dyzulk.net.eu.org/anime/demo/episode/1/480p.mp4', 'demo/480p.mp4', 0, (strftime('%s', 'now')));
INSERT INTO `video_sources` (`id`, `episode_id`, `quality_id`, `format_id`, `url`, `file_key`, `is_primary`, `created_at`) VALUES ('src-ep-anime-frieren-9-720p', 'ep-anime-frieren-9', '720p', 'mp4', 'https://cdn.zenith.dyzulk.net.eu.org/anime/demo/episode/1/720p.mp4', 'demo/720p.mp4', 0, (strftime('%s', 'now')));
INSERT INTO `video_sources` (`id`, `episode_id`, `quality_id`, `format_id`, `url`, `file_key`, `is_primary`, `created_at`) VALUES ('src-ep-anime-frieren-9-1080p', 'ep-anime-frieren-9', '1080p', 'mp4', 'https://cdn.zenith.dyzulk.net.eu.org/anime/demo/episode/1/1080p.mp4', 'demo/1080p.mp4', 1, (strftime('%s', 'now')));
INSERT INTO `episodes` (`id`, `anime_id`, `episode_number`, `title`, `synopsis`, `duration_seconds`, `thumbnail_key`, `view_count`, `created_at`) VALUES ('ep-anime-frieren-10', 'anime-frieren', 10, 'Episode 10', 'Detailed synopsis for episode 10.', 1440, '/demo/demo-landscape.webp', 0, (strftime('%s', 'now')));
INSERT INTO `video_sources` (`id`, `episode_id`, `quality_id`, `format_id`, `url`, `file_key`, `is_primary`, `created_at`) VALUES ('src-ep-anime-frieren-10-360p', 'ep-anime-frieren-10', '360p', 'mp4', 'https://cdn.zenith.dyzulk.net.eu.org/anime/demo/episode/1/360p.mp4', 'demo/360p.mp4', 0, (strftime('%s', 'now')));
INSERT INTO `video_sources` (`id`, `episode_id`, `quality_id`, `format_id`, `url`, `file_key`, `is_primary`, `created_at`) VALUES ('src-ep-anime-frieren-10-480p', 'ep-anime-frieren-10', '480p', 'mp4', 'https://cdn.zenith.dyzulk.net.eu.org/anime/demo/episode/1/480p.mp4', 'demo/480p.mp4', 0, (strftime('%s', 'now')));
INSERT INTO `video_sources` (`id`, `episode_id`, `quality_id`, `format_id`, `url`, `file_key`, `is_primary`, `created_at`) VALUES ('src-ep-anime-frieren-10-720p', 'ep-anime-frieren-10', '720p', 'mp4', 'https://cdn.zenith.dyzulk.net.eu.org/anime/demo/episode/1/720p.mp4', 'demo/720p.mp4', 0, (strftime('%s', 'now')));
INSERT INTO `video_sources` (`id`, `episode_id`, `quality_id`, `format_id`, `url`, `file_key`, `is_primary`, `created_at`) VALUES ('src-ep-anime-frieren-10-1080p', 'ep-anime-frieren-10', '1080p', 'mp4', 'https://cdn.zenith.dyzulk.net.eu.org/anime/demo/episode/1/1080p.mp4', 'demo/1080p.mp4', 1, (strftime('%s', 'now')));
INSERT INTO `episodes` (`id`, `anime_id`, `episode_number`, `title`, `synopsis`, `duration_seconds`, `thumbnail_key`, `view_count`, `created_at`) VALUES ('ep-anime-frieren-11', 'anime-frieren', 11, 'Episode 11', 'Detailed synopsis for episode 11.', 1440, '/demo/demo-landscape.webp', 0, (strftime('%s', 'now')));
INSERT INTO `video_sources` (`id`, `episode_id`, `quality_id`, `format_id`, `url`, `file_key`, `is_primary`, `created_at`) VALUES ('src-ep-anime-frieren-11-360p', 'ep-anime-frieren-11', '360p', 'mp4', 'https://cdn.zenith.dyzulk.net.eu.org/anime/demo/episode/1/360p.mp4', 'demo/360p.mp4', 0, (strftime('%s', 'now')));
INSERT INTO `video_sources` (`id`, `episode_id`, `quality_id`, `format_id`, `url`, `file_key`, `is_primary`, `created_at`) VALUES ('src-ep-anime-frieren-11-480p', 'ep-anime-frieren-11', '480p', 'mp4', 'https://cdn.zenith.dyzulk.net.eu.org/anime/demo/episode/1/480p.mp4', 'demo/480p.mp4', 0, (strftime('%s', 'now')));
INSERT INTO `video_sources` (`id`, `episode_id`, `quality_id`, `format_id`, `url`, `file_key`, `is_primary`, `created_at`) VALUES ('src-ep-anime-frieren-11-720p', 'ep-anime-frieren-11', '720p', 'mp4', 'https://cdn.zenith.dyzulk.net.eu.org/anime/demo/episode/1/720p.mp4', 'demo/720p.mp4', 0, (strftime('%s', 'now')));
INSERT INTO `video_sources` (`id`, `episode_id`, `quality_id`, `format_id`, `url`, `file_key`, `is_primary`, `created_at`) VALUES ('src-ep-anime-frieren-11-1080p', 'ep-anime-frieren-11', '1080p', 'mp4', 'https://cdn.zenith.dyzulk.net.eu.org/anime/demo/episode/1/1080p.mp4', 'demo/1080p.mp4', 1, (strftime('%s', 'now')));
INSERT INTO `episodes` (`id`, `anime_id`, `episode_number`, `title`, `synopsis`, `duration_seconds`, `thumbnail_key`, `view_count`, `created_at`) VALUES ('ep-anime-frieren-12', 'anime-frieren', 12, 'Episode 12', 'Detailed synopsis for episode 12.', 1440, '/demo/demo-landscape.webp', 0, (strftime('%s', 'now')));
INSERT INTO `video_sources` (`id`, `episode_id`, `quality_id`, `format_id`, `url`, `file_key`, `is_primary`, `created_at`) VALUES ('src-ep-anime-frieren-12-360p', 'ep-anime-frieren-12', '360p', 'mp4', 'https://cdn.zenith.dyzulk.net.eu.org/anime/demo/episode/1/360p.mp4', 'demo/360p.mp4', 0, (strftime('%s', 'now')));
INSERT INTO `video_sources` (`id`, `episode_id`, `quality_id`, `format_id`, `url`, `file_key`, `is_primary`, `created_at`) VALUES ('src-ep-anime-frieren-12-480p', 'ep-anime-frieren-12', '480p', 'mp4', 'https://cdn.zenith.dyzulk.net.eu.org/anime/demo/episode/1/480p.mp4', 'demo/480p.mp4', 0, (strftime('%s', 'now')));
INSERT INTO `video_sources` (`id`, `episode_id`, `quality_id`, `format_id`, `url`, `file_key`, `is_primary`, `created_at`) VALUES ('src-ep-anime-frieren-12-720p', 'ep-anime-frieren-12', '720p', 'mp4', 'https://cdn.zenith.dyzulk.net.eu.org/anime/demo/episode/1/720p.mp4', 'demo/720p.mp4', 0, (strftime('%s', 'now')));
INSERT INTO `video_sources` (`id`, `episode_id`, `quality_id`, `format_id`, `url`, `file_key`, `is_primary`, `created_at`) VALUES ('src-ep-anime-frieren-12-1080p', 'ep-anime-frieren-12', '1080p', 'mp4', 'https://cdn.zenith.dyzulk.net.eu.org/anime/demo/episode/1/1080p.mp4', 'demo/1080p.mp4', 1, (strftime('%s', 'now')));
INSERT INTO `episodes` (`id`, `anime_id`, `episode_number`, `title`, `synopsis`, `duration_seconds`, `thumbnail_key`, `view_count`, `created_at`) VALUES ('ep-anime-sxf-1', 'anime-sxf', 1, 'Episode 1', 'Detailed synopsis for episode 1.', 1440, '/demo/demo-landscape.webp', 0, (strftime('%s', 'now')));
INSERT INTO `video_sources` (`id`, `episode_id`, `quality_id`, `format_id`, `url`, `file_key`, `is_primary`, `created_at`) VALUES ('src-ep-anime-sxf-1-360p', 'ep-anime-sxf-1', '360p', 'mp4', 'https://cdn.zenith.dyzulk.net.eu.org/anime/demo/episode/1/360p.mp4', 'demo/360p.mp4', 0, (strftime('%s', 'now')));
INSERT INTO `video_sources` (`id`, `episode_id`, `quality_id`, `format_id`, `url`, `file_key`, `is_primary`, `created_at`) VALUES ('src-ep-anime-sxf-1-480p', 'ep-anime-sxf-1', '480p', 'mp4', 'https://cdn.zenith.dyzulk.net.eu.org/anime/demo/episode/1/480p.mp4', 'demo/480p.mp4', 0, (strftime('%s', 'now')));
INSERT INTO `video_sources` (`id`, `episode_id`, `quality_id`, `format_id`, `url`, `file_key`, `is_primary`, `created_at`) VALUES ('src-ep-anime-sxf-1-720p', 'ep-anime-sxf-1', '720p', 'mp4', 'https://cdn.zenith.dyzulk.net.eu.org/anime/demo/episode/1/720p.mp4', 'demo/720p.mp4', 0, (strftime('%s', 'now')));
INSERT INTO `video_sources` (`id`, `episode_id`, `quality_id`, `format_id`, `url`, `file_key`, `is_primary`, `created_at`) VALUES ('src-ep-anime-sxf-1-1080p', 'ep-anime-sxf-1', '1080p', 'mp4', 'https://cdn.zenith.dyzulk.net.eu.org/anime/demo/episode/1/1080p.mp4', 'demo/1080p.mp4', 1, (strftime('%s', 'now')));
INSERT INTO `episodes` (`id`, `anime_id`, `episode_number`, `title`, `synopsis`, `duration_seconds`, `thumbnail_key`, `view_count`, `created_at`) VALUES ('ep-anime-sxf-2', 'anime-sxf', 2, 'Episode 2', 'Detailed synopsis for episode 2.', 1440, '/demo/demo-landscape.webp', 0, (strftime('%s', 'now')));
INSERT INTO `video_sources` (`id`, `episode_id`, `quality_id`, `format_id`, `url`, `file_key`, `is_primary`, `created_at`) VALUES ('src-ep-anime-sxf-2-360p', 'ep-anime-sxf-2', '360p', 'mp4', 'https://cdn.zenith.dyzulk.net.eu.org/anime/demo/episode/1/360p.mp4', 'demo/360p.mp4', 0, (strftime('%s', 'now')));
INSERT INTO `video_sources` (`id`, `episode_id`, `quality_id`, `format_id`, `url`, `file_key`, `is_primary`, `created_at`) VALUES ('src-ep-anime-sxf-2-480p', 'ep-anime-sxf-2', '480p', 'mp4', 'https://cdn.zenith.dyzulk.net.eu.org/anime/demo/episode/1/480p.mp4', 'demo/480p.mp4', 0, (strftime('%s', 'now')));
INSERT INTO `video_sources` (`id`, `episode_id`, `quality_id`, `format_id`, `url`, `file_key`, `is_primary`, `created_at`) VALUES ('src-ep-anime-sxf-2-720p', 'ep-anime-sxf-2', '720p', 'mp4', 'https://cdn.zenith.dyzulk.net.eu.org/anime/demo/episode/1/720p.mp4', 'demo/720p.mp4', 0, (strftime('%s', 'now')));
INSERT INTO `video_sources` (`id`, `episode_id`, `quality_id`, `format_id`, `url`, `file_key`, `is_primary`, `created_at`) VALUES ('src-ep-anime-sxf-2-1080p', 'ep-anime-sxf-2', '1080p', 'mp4', 'https://cdn.zenith.dyzulk.net.eu.org/anime/demo/episode/1/1080p.mp4', 'demo/1080p.mp4', 1, (strftime('%s', 'now')));
INSERT INTO `episodes` (`id`, `anime_id`, `episode_number`, `title`, `synopsis`, `duration_seconds`, `thumbnail_key`, `view_count`, `created_at`) VALUES ('ep-anime-sxf-3', 'anime-sxf', 3, 'Episode 3', 'Detailed synopsis for episode 3.', 1440, '/demo/demo-landscape.webp', 0, (strftime('%s', 'now')));
INSERT INTO `video_sources` (`id`, `episode_id`, `quality_id`, `format_id`, `url`, `file_key`, `is_primary`, `created_at`) VALUES ('src-ep-anime-sxf-3-360p', 'ep-anime-sxf-3', '360p', 'mp4', 'https://cdn.zenith.dyzulk.net.eu.org/anime/demo/episode/1/360p.mp4', 'demo/360p.mp4', 0, (strftime('%s', 'now')));
INSERT INTO `video_sources` (`id`, `episode_id`, `quality_id`, `format_id`, `url`, `file_key`, `is_primary`, `created_at`) VALUES ('src-ep-anime-sxf-3-480p', 'ep-anime-sxf-3', '480p', 'mp4', 'https://cdn.zenith.dyzulk.net.eu.org/anime/demo/episode/1/480p.mp4', 'demo/480p.mp4', 0, (strftime('%s', 'now')));
INSERT INTO `video_sources` (`id`, `episode_id`, `quality_id`, `format_id`, `url`, `file_key`, `is_primary`, `created_at`) VALUES ('src-ep-anime-sxf-3-720p', 'ep-anime-sxf-3', '720p', 'mp4', 'https://cdn.zenith.dyzulk.net.eu.org/anime/demo/episode/1/720p.mp4', 'demo/720p.mp4', 0, (strftime('%s', 'now')));
INSERT INTO `video_sources` (`id`, `episode_id`, `quality_id`, `format_id`, `url`, `file_key`, `is_primary`, `created_at`) VALUES ('src-ep-anime-sxf-3-1080p', 'ep-anime-sxf-3', '1080p', 'mp4', 'https://cdn.zenith.dyzulk.net.eu.org/anime/demo/episode/1/1080p.mp4', 'demo/1080p.mp4', 1, (strftime('%s', 'now')));
INSERT INTO `episodes` (`id`, `anime_id`, `episode_number`, `title`, `synopsis`, `duration_seconds`, `thumbnail_key`, `view_count`, `created_at`) VALUES ('ep-anime-sxf-4', 'anime-sxf', 4, 'Episode 4', 'Detailed synopsis for episode 4.', 1440, '/demo/demo-landscape.webp', 0, (strftime('%s', 'now')));
INSERT INTO `video_sources` (`id`, `episode_id`, `quality_id`, `format_id`, `url`, `file_key`, `is_primary`, `created_at`) VALUES ('src-ep-anime-sxf-4-360p', 'ep-anime-sxf-4', '360p', 'mp4', 'https://cdn.zenith.dyzulk.net.eu.org/anime/demo/episode/1/360p.mp4', 'demo/360p.mp4', 0, (strftime('%s', 'now')));
INSERT INTO `video_sources` (`id`, `episode_id`, `quality_id`, `format_id`, `url`, `file_key`, `is_primary`, `created_at`) VALUES ('src-ep-anime-sxf-4-480p', 'ep-anime-sxf-4', '480p', 'mp4', 'https://cdn.zenith.dyzulk.net.eu.org/anime/demo/episode/1/480p.mp4', 'demo/480p.mp4', 0, (strftime('%s', 'now')));
INSERT INTO `video_sources` (`id`, `episode_id`, `quality_id`, `format_id`, `url`, `file_key`, `is_primary`, `created_at`) VALUES ('src-ep-anime-sxf-4-720p', 'ep-anime-sxf-4', '720p', 'mp4', 'https://cdn.zenith.dyzulk.net.eu.org/anime/demo/episode/1/720p.mp4', 'demo/720p.mp4', 0, (strftime('%s', 'now')));
INSERT INTO `video_sources` (`id`, `episode_id`, `quality_id`, `format_id`, `url`, `file_key`, `is_primary`, `created_at`) VALUES ('src-ep-anime-sxf-4-1080p', 'ep-anime-sxf-4', '1080p', 'mp4', 'https://cdn.zenith.dyzulk.net.eu.org/anime/demo/episode/1/1080p.mp4', 'demo/1080p.mp4', 1, (strftime('%s', 'now')));
INSERT INTO `episodes` (`id`, `anime_id`, `episode_number`, `title`, `synopsis`, `duration_seconds`, `thumbnail_key`, `view_count`, `created_at`) VALUES ('ep-anime-sxf-5', 'anime-sxf', 5, 'Episode 5', 'Detailed synopsis for episode 5.', 1440, '/demo/demo-landscape.webp', 0, (strftime('%s', 'now')));
INSERT INTO `video_sources` (`id`, `episode_id`, `quality_id`, `format_id`, `url`, `file_key`, `is_primary`, `created_at`) VALUES ('src-ep-anime-sxf-5-360p', 'ep-anime-sxf-5', '360p', 'mp4', 'https://cdn.zenith.dyzulk.net.eu.org/anime/demo/episode/1/360p.mp4', 'demo/360p.mp4', 0, (strftime('%s', 'now')));
INSERT INTO `video_sources` (`id`, `episode_id`, `quality_id`, `format_id`, `url`, `file_key`, `is_primary`, `created_at`) VALUES ('src-ep-anime-sxf-5-480p', 'ep-anime-sxf-5', '480p', 'mp4', 'https://cdn.zenith.dyzulk.net.eu.org/anime/demo/episode/1/480p.mp4', 'demo/480p.mp4', 0, (strftime('%s', 'now')));
INSERT INTO `video_sources` (`id`, `episode_id`, `quality_id`, `format_id`, `url`, `file_key`, `is_primary`, `created_at`) VALUES ('src-ep-anime-sxf-5-720p', 'ep-anime-sxf-5', '720p', 'mp4', 'https://cdn.zenith.dyzulk.net.eu.org/anime/demo/episode/1/720p.mp4', 'demo/720p.mp4', 0, (strftime('%s', 'now')));
INSERT INTO `video_sources` (`id`, `episode_id`, `quality_id`, `format_id`, `url`, `file_key`, `is_primary`, `created_at`) VALUES ('src-ep-anime-sxf-5-1080p', 'ep-anime-sxf-5', '1080p', 'mp4', 'https://cdn.zenith.dyzulk.net.eu.org/anime/demo/episode/1/1080p.mp4', 'demo/1080p.mp4', 1, (strftime('%s', 'now')));
INSERT INTO `episodes` (`id`, `anime_id`, `episode_number`, `title`, `synopsis`, `duration_seconds`, `thumbnail_key`, `view_count`, `created_at`) VALUES ('ep-anime-sxf-6', 'anime-sxf', 6, 'Episode 6', 'Detailed synopsis for episode 6.', 1440, '/demo/demo-landscape.webp', 0, (strftime('%s', 'now')));
INSERT INTO `video_sources` (`id`, `episode_id`, `quality_id`, `format_id`, `url`, `file_key`, `is_primary`, `created_at`) VALUES ('src-ep-anime-sxf-6-360p', 'ep-anime-sxf-6', '360p', 'mp4', 'https://cdn.zenith.dyzulk.net.eu.org/anime/demo/episode/1/360p.mp4', 'demo/360p.mp4', 0, (strftime('%s', 'now')));
INSERT INTO `video_sources` (`id`, `episode_id`, `quality_id`, `format_id`, `url`, `file_key`, `is_primary`, `created_at`) VALUES ('src-ep-anime-sxf-6-480p', 'ep-anime-sxf-6', '480p', 'mp4', 'https://cdn.zenith.dyzulk.net.eu.org/anime/demo/episode/1/480p.mp4', 'demo/480p.mp4', 0, (strftime('%s', 'now')));
INSERT INTO `video_sources` (`id`, `episode_id`, `quality_id`, `format_id`, `url`, `file_key`, `is_primary`, `created_at`) VALUES ('src-ep-anime-sxf-6-720p', 'ep-anime-sxf-6', '720p', 'mp4', 'https://cdn.zenith.dyzulk.net.eu.org/anime/demo/episode/1/720p.mp4', 'demo/720p.mp4', 0, (strftime('%s', 'now')));
INSERT INTO `video_sources` (`id`, `episode_id`, `quality_id`, `format_id`, `url`, `file_key`, `is_primary`, `created_at`) VALUES ('src-ep-anime-sxf-6-1080p', 'ep-anime-sxf-6', '1080p', 'mp4', 'https://cdn.zenith.dyzulk.net.eu.org/anime/demo/episode/1/1080p.mp4', 'demo/1080p.mp4', 1, (strftime('%s', 'now')));
INSERT INTO `episodes` (`id`, `anime_id`, `episode_number`, `title`, `synopsis`, `duration_seconds`, `thumbnail_key`, `view_count`, `created_at`) VALUES ('ep-anime-sxf-7', 'anime-sxf', 7, 'Episode 7', 'Detailed synopsis for episode 7.', 1440, '/demo/demo-landscape.webp', 0, (strftime('%s', 'now')));
INSERT INTO `video_sources` (`id`, `episode_id`, `quality_id`, `format_id`, `url`, `file_key`, `is_primary`, `created_at`) VALUES ('src-ep-anime-sxf-7-360p', 'ep-anime-sxf-7', '360p', 'mp4', 'https://cdn.zenith.dyzulk.net.eu.org/anime/demo/episode/1/360p.mp4', 'demo/360p.mp4', 0, (strftime('%s', 'now')));
INSERT INTO `video_sources` (`id`, `episode_id`, `quality_id`, `format_id`, `url`, `file_key`, `is_primary`, `created_at`) VALUES ('src-ep-anime-sxf-7-480p', 'ep-anime-sxf-7', '480p', 'mp4', 'https://cdn.zenith.dyzulk.net.eu.org/anime/demo/episode/1/480p.mp4', 'demo/480p.mp4', 0, (strftime('%s', 'now')));
INSERT INTO `video_sources` (`id`, `episode_id`, `quality_id`, `format_id`, `url`, `file_key`, `is_primary`, `created_at`) VALUES ('src-ep-anime-sxf-7-720p', 'ep-anime-sxf-7', '720p', 'mp4', 'https://cdn.zenith.dyzulk.net.eu.org/anime/demo/episode/1/720p.mp4', 'demo/720p.mp4', 0, (strftime('%s', 'now')));
INSERT INTO `video_sources` (`id`, `episode_id`, `quality_id`, `format_id`, `url`, `file_key`, `is_primary`, `created_at`) VALUES ('src-ep-anime-sxf-7-1080p', 'ep-anime-sxf-7', '1080p', 'mp4', 'https://cdn.zenith.dyzulk.net.eu.org/anime/demo/episode/1/1080p.mp4', 'demo/1080p.mp4', 1, (strftime('%s', 'now')));
INSERT INTO `episodes` (`id`, `anime_id`, `episode_number`, `title`, `synopsis`, `duration_seconds`, `thumbnail_key`, `view_count`, `created_at`) VALUES ('ep-anime-sxf-8', 'anime-sxf', 8, 'Episode 8', 'Detailed synopsis for episode 8.', 1440, '/demo/demo-landscape.webp', 0, (strftime('%s', 'now')));
INSERT INTO `video_sources` (`id`, `episode_id`, `quality_id`, `format_id`, `url`, `file_key`, `is_primary`, `created_at`) VALUES ('src-ep-anime-sxf-8-360p', 'ep-anime-sxf-8', '360p', 'mp4', 'https://cdn.zenith.dyzulk.net.eu.org/anime/demo/episode/1/360p.mp4', 'demo/360p.mp4', 0, (strftime('%s', 'now')));
INSERT INTO `video_sources` (`id`, `episode_id`, `quality_id`, `format_id`, `url`, `file_key`, `is_primary`, `created_at`) VALUES ('src-ep-anime-sxf-8-480p', 'ep-anime-sxf-8', '480p', 'mp4', 'https://cdn.zenith.dyzulk.net.eu.org/anime/demo/episode/1/480p.mp4', 'demo/480p.mp4', 0, (strftime('%s', 'now')));
INSERT INTO `video_sources` (`id`, `episode_id`, `quality_id`, `format_id`, `url`, `file_key`, `is_primary`, `created_at`) VALUES ('src-ep-anime-sxf-8-720p', 'ep-anime-sxf-8', '720p', 'mp4', 'https://cdn.zenith.dyzulk.net.eu.org/anime/demo/episode/1/720p.mp4', 'demo/720p.mp4', 0, (strftime('%s', 'now')));
INSERT INTO `video_sources` (`id`, `episode_id`, `quality_id`, `format_id`, `url`, `file_key`, `is_primary`, `created_at`) VALUES ('src-ep-anime-sxf-8-1080p', 'ep-anime-sxf-8', '1080p', 'mp4', 'https://cdn.zenith.dyzulk.net.eu.org/anime/demo/episode/1/1080p.mp4', 'demo/1080p.mp4', 1, (strftime('%s', 'now')));
INSERT INTO `episodes` (`id`, `anime_id`, `episode_number`, `title`, `synopsis`, `duration_seconds`, `thumbnail_key`, `view_count`, `created_at`) VALUES ('ep-anime-sxf-9', 'anime-sxf', 9, 'Episode 9', 'Detailed synopsis for episode 9.', 1440, '/demo/demo-landscape.webp', 0, (strftime('%s', 'now')));
INSERT INTO `video_sources` (`id`, `episode_id`, `quality_id`, `format_id`, `url`, `file_key`, `is_primary`, `created_at`) VALUES ('src-ep-anime-sxf-9-360p', 'ep-anime-sxf-9', '360p', 'mp4', 'https://cdn.zenith.dyzulk.net.eu.org/anime/demo/episode/1/360p.mp4', 'demo/360p.mp4', 0, (strftime('%s', 'now')));
INSERT INTO `video_sources` (`id`, `episode_id`, `quality_id`, `format_id`, `url`, `file_key`, `is_primary`, `created_at`) VALUES ('src-ep-anime-sxf-9-480p', 'ep-anime-sxf-9', '480p', 'mp4', 'https://cdn.zenith.dyzulk.net.eu.org/anime/demo/episode/1/480p.mp4', 'demo/480p.mp4', 0, (strftime('%s', 'now')));
INSERT INTO `video_sources` (`id`, `episode_id`, `quality_id`, `format_id`, `url`, `file_key`, `is_primary`, `created_at`) VALUES ('src-ep-anime-sxf-9-720p', 'ep-anime-sxf-9', '720p', 'mp4', 'https://cdn.zenith.dyzulk.net.eu.org/anime/demo/episode/1/720p.mp4', 'demo/720p.mp4', 0, (strftime('%s', 'now')));
INSERT INTO `video_sources` (`id`, `episode_id`, `quality_id`, `format_id`, `url`, `file_key`, `is_primary`, `created_at`) VALUES ('src-ep-anime-sxf-9-1080p', 'ep-anime-sxf-9', '1080p', 'mp4', 'https://cdn.zenith.dyzulk.net.eu.org/anime/demo/episode/1/1080p.mp4', 'demo/1080p.mp4', 1, (strftime('%s', 'now')));
INSERT INTO `episodes` (`id`, `anime_id`, `episode_number`, `title`, `synopsis`, `duration_seconds`, `thumbnail_key`, `view_count`, `created_at`) VALUES ('ep-anime-sxf-10', 'anime-sxf', 10, 'Episode 10', 'Detailed synopsis for episode 10.', 1440, '/demo/demo-landscape.webp', 0, (strftime('%s', 'now')));
INSERT INTO `video_sources` (`id`, `episode_id`, `quality_id`, `format_id`, `url`, `file_key`, `is_primary`, `created_at`) VALUES ('src-ep-anime-sxf-10-360p', 'ep-anime-sxf-10', '360p', 'mp4', 'https://cdn.zenith.dyzulk.net.eu.org/anime/demo/episode/1/360p.mp4', 'demo/360p.mp4', 0, (strftime('%s', 'now')));
INSERT INTO `video_sources` (`id`, `episode_id`, `quality_id`, `format_id`, `url`, `file_key`, `is_primary`, `created_at`) VALUES ('src-ep-anime-sxf-10-480p', 'ep-anime-sxf-10', '480p', 'mp4', 'https://cdn.zenith.dyzulk.net.eu.org/anime/demo/episode/1/480p.mp4', 'demo/480p.mp4', 0, (strftime('%s', 'now')));
INSERT INTO `video_sources` (`id`, `episode_id`, `quality_id`, `format_id`, `url`, `file_key`, `is_primary`, `created_at`) VALUES ('src-ep-anime-sxf-10-720p', 'ep-anime-sxf-10', '720p', 'mp4', 'https://cdn.zenith.dyzulk.net.eu.org/anime/demo/episode/1/720p.mp4', 'demo/720p.mp4', 0, (strftime('%s', 'now')));
INSERT INTO `video_sources` (`id`, `episode_id`, `quality_id`, `format_id`, `url`, `file_key`, `is_primary`, `created_at`) VALUES ('src-ep-anime-sxf-10-1080p', 'ep-anime-sxf-10', '1080p', 'mp4', 'https://cdn.zenith.dyzulk.net.eu.org/anime/demo/episode/1/1080p.mp4', 'demo/1080p.mp4', 1, (strftime('%s', 'now')));
INSERT INTO `episodes` (`id`, `anime_id`, `episode_number`, `title`, `synopsis`, `duration_seconds`, `thumbnail_key`, `view_count`, `created_at`) VALUES ('ep-anime-sxf-11', 'anime-sxf', 11, 'Episode 11', 'Detailed synopsis for episode 11.', 1440, '/demo/demo-landscape.webp', 0, (strftime('%s', 'now')));
INSERT INTO `video_sources` (`id`, `episode_id`, `quality_id`, `format_id`, `url`, `file_key`, `is_primary`, `created_at`) VALUES ('src-ep-anime-sxf-11-360p', 'ep-anime-sxf-11', '360p', 'mp4', 'https://cdn.zenith.dyzulk.net.eu.org/anime/demo/episode/1/360p.mp4', 'demo/360p.mp4', 0, (strftime('%s', 'now')));
INSERT INTO `video_sources` (`id`, `episode_id`, `quality_id`, `format_id`, `url`, `file_key`, `is_primary`, `created_at`) VALUES ('src-ep-anime-sxf-11-480p', 'ep-anime-sxf-11', '480p', 'mp4', 'https://cdn.zenith.dyzulk.net.eu.org/anime/demo/episode/1/480p.mp4', 'demo/480p.mp4', 0, (strftime('%s', 'now')));
INSERT INTO `video_sources` (`id`, `episode_id`, `quality_id`, `format_id`, `url`, `file_key`, `is_primary`, `created_at`) VALUES ('src-ep-anime-sxf-11-720p', 'ep-anime-sxf-11', '720p', 'mp4', 'https://cdn.zenith.dyzulk.net.eu.org/anime/demo/episode/1/720p.mp4', 'demo/720p.mp4', 0, (strftime('%s', 'now')));
INSERT INTO `video_sources` (`id`, `episode_id`, `quality_id`, `format_id`, `url`, `file_key`, `is_primary`, `created_at`) VALUES ('src-ep-anime-sxf-11-1080p', 'ep-anime-sxf-11', '1080p', 'mp4', 'https://cdn.zenith.dyzulk.net.eu.org/anime/demo/episode/1/1080p.mp4', 'demo/1080p.mp4', 1, (strftime('%s', 'now')));
INSERT INTO `episodes` (`id`, `anime_id`, `episode_number`, `title`, `synopsis`, `duration_seconds`, `thumbnail_key`, `view_count`, `created_at`) VALUES ('ep-anime-sxf-12', 'anime-sxf', 12, 'Episode 12', 'Detailed synopsis for episode 12.', 1440, '/demo/demo-landscape.webp', 0, (strftime('%s', 'now')));
INSERT INTO `video_sources` (`id`, `episode_id`, `quality_id`, `format_id`, `url`, `file_key`, `is_primary`, `created_at`) VALUES ('src-ep-anime-sxf-12-360p', 'ep-anime-sxf-12', '360p', 'mp4', 'https://cdn.zenith.dyzulk.net.eu.org/anime/demo/episode/1/360p.mp4', 'demo/360p.mp4', 0, (strftime('%s', 'now')));
INSERT INTO `video_sources` (`id`, `episode_id`, `quality_id`, `format_id`, `url`, `file_key`, `is_primary`, `created_at`) VALUES ('src-ep-anime-sxf-12-480p', 'ep-anime-sxf-12', '480p', 'mp4', 'https://cdn.zenith.dyzulk.net.eu.org/anime/demo/episode/1/480p.mp4', 'demo/480p.mp4', 0, (strftime('%s', 'now')));
INSERT INTO `video_sources` (`id`, `episode_id`, `quality_id`, `format_id`, `url`, `file_key`, `is_primary`, `created_at`) VALUES ('src-ep-anime-sxf-12-720p', 'ep-anime-sxf-12', '720p', 'mp4', 'https://cdn.zenith.dyzulk.net.eu.org/anime/demo/episode/1/720p.mp4', 'demo/720p.mp4', 0, (strftime('%s', 'now')));
INSERT INTO `video_sources` (`id`, `episode_id`, `quality_id`, `format_id`, `url`, `file_key`, `is_primary`, `created_at`) VALUES ('src-ep-anime-sxf-12-1080p', 'ep-anime-sxf-12', '1080p', 'mp4', 'https://cdn.zenith.dyzulk.net.eu.org/anime/demo/episode/1/1080p.mp4', 'demo/1080p.mp4', 1, (strftime('%s', 'now')));
INSERT INTO `episodes` (`id`, `anime_id`, `episode_number`, `title`, `synopsis`, `duration_seconds`, `thumbnail_key`, `view_count`, `created_at`) VALUES ('ep-anime-aot-1', 'anime-aot', 1, 'Episode 1', 'Detailed synopsis for episode 1.', 1440, '/demo/demo-landscape.webp', 0, (strftime('%s', 'now')));
INSERT INTO `video_sources` (`id`, `episode_id`, `quality_id`, `format_id`, `url`, `file_key`, `is_primary`, `created_at`) VALUES ('src-ep-anime-aot-1-360p', 'ep-anime-aot-1', '360p', 'mp4', 'https://cdn.zenith.dyzulk.net.eu.org/anime/demo/episode/1/360p.mp4', 'demo/360p.mp4', 0, (strftime('%s', 'now')));
INSERT INTO `video_sources` (`id`, `episode_id`, `quality_id`, `format_id`, `url`, `file_key`, `is_primary`, `created_at`) VALUES ('src-ep-anime-aot-1-480p', 'ep-anime-aot-1', '480p', 'mp4', 'https://cdn.zenith.dyzulk.net.eu.org/anime/demo/episode/1/480p.mp4', 'demo/480p.mp4', 0, (strftime('%s', 'now')));
INSERT INTO `video_sources` (`id`, `episode_id`, `quality_id`, `format_id`, `url`, `file_key`, `is_primary`, `created_at`) VALUES ('src-ep-anime-aot-1-720p', 'ep-anime-aot-1', '720p', 'mp4', 'https://cdn.zenith.dyzulk.net.eu.org/anime/demo/episode/1/720p.mp4', 'demo/720p.mp4', 0, (strftime('%s', 'now')));
INSERT INTO `video_sources` (`id`, `episode_id`, `quality_id`, `format_id`, `url`, `file_key`, `is_primary`, `created_at`) VALUES ('src-ep-anime-aot-1-1080p', 'ep-anime-aot-1', '1080p', 'mp4', 'https://cdn.zenith.dyzulk.net.eu.org/anime/demo/episode/1/1080p.mp4', 'demo/1080p.mp4', 1, (strftime('%s', 'now')));
INSERT INTO `episodes` (`id`, `anime_id`, `episode_number`, `title`, `synopsis`, `duration_seconds`, `thumbnail_key`, `view_count`, `created_at`) VALUES ('ep-anime-aot-2', 'anime-aot', 2, 'Episode 2', 'Detailed synopsis for episode 2.', 1440, '/demo/demo-landscape.webp', 0, (strftime('%s', 'now')));
INSERT INTO `video_sources` (`id`, `episode_id`, `quality_id`, `format_id`, `url`, `file_key`, `is_primary`, `created_at`) VALUES ('src-ep-anime-aot-2-360p', 'ep-anime-aot-2', '360p', 'mp4', 'https://cdn.zenith.dyzulk.net.eu.org/anime/demo/episode/1/360p.mp4', 'demo/360p.mp4', 0, (strftime('%s', 'now')));
INSERT INTO `video_sources` (`id`, `episode_id`, `quality_id`, `format_id`, `url`, `file_key`, `is_primary`, `created_at`) VALUES ('src-ep-anime-aot-2-480p', 'ep-anime-aot-2', '480p', 'mp4', 'https://cdn.zenith.dyzulk.net.eu.org/anime/demo/episode/1/480p.mp4', 'demo/480p.mp4', 0, (strftime('%s', 'now')));
INSERT INTO `video_sources` (`id`, `episode_id`, `quality_id`, `format_id`, `url`, `file_key`, `is_primary`, `created_at`) VALUES ('src-ep-anime-aot-2-720p', 'ep-anime-aot-2', '720p', 'mp4', 'https://cdn.zenith.dyzulk.net.eu.org/anime/demo/episode/1/720p.mp4', 'demo/720p.mp4', 0, (strftime('%s', 'now')));
INSERT INTO `video_sources` (`id`, `episode_id`, `quality_id`, `format_id`, `url`, `file_key`, `is_primary`, `created_at`) VALUES ('src-ep-anime-aot-2-1080p', 'ep-anime-aot-2', '1080p', 'mp4', 'https://cdn.zenith.dyzulk.net.eu.org/anime/demo/episode/1/1080p.mp4', 'demo/1080p.mp4', 1, (strftime('%s', 'now')));
INSERT INTO `episodes` (`id`, `anime_id`, `episode_number`, `title`, `synopsis`, `duration_seconds`, `thumbnail_key`, `view_count`, `created_at`) VALUES ('ep-anime-aot-3', 'anime-aot', 3, 'Episode 3', 'Detailed synopsis for episode 3.', 1440, '/demo/demo-landscape.webp', 0, (strftime('%s', 'now')));
INSERT INTO `video_sources` (`id`, `episode_id`, `quality_id`, `format_id`, `url`, `file_key`, `is_primary`, `created_at`) VALUES ('src-ep-anime-aot-3-360p', 'ep-anime-aot-3', '360p', 'mp4', 'https://cdn.zenith.dyzulk.net.eu.org/anime/demo/episode/1/360p.mp4', 'demo/360p.mp4', 0, (strftime('%s', 'now')));
INSERT INTO `video_sources` (`id`, `episode_id`, `quality_id`, `format_id`, `url`, `file_key`, `is_primary`, `created_at`) VALUES ('src-ep-anime-aot-3-480p', 'ep-anime-aot-3', '480p', 'mp4', 'https://cdn.zenith.dyzulk.net.eu.org/anime/demo/episode/1/480p.mp4', 'demo/480p.mp4', 0, (strftime('%s', 'now')));
INSERT INTO `video_sources` (`id`, `episode_id`, `quality_id`, `format_id`, `url`, `file_key`, `is_primary`, `created_at`) VALUES ('src-ep-anime-aot-3-720p', 'ep-anime-aot-3', '720p', 'mp4', 'https://cdn.zenith.dyzulk.net.eu.org/anime/demo/episode/1/720p.mp4', 'demo/720p.mp4', 0, (strftime('%s', 'now')));
INSERT INTO `video_sources` (`id`, `episode_id`, `quality_id`, `format_id`, `url`, `file_key`, `is_primary`, `created_at`) VALUES ('src-ep-anime-aot-3-1080p', 'ep-anime-aot-3', '1080p', 'mp4', 'https://cdn.zenith.dyzulk.net.eu.org/anime/demo/episode/1/1080p.mp4', 'demo/1080p.mp4', 1, (strftime('%s', 'now')));
INSERT INTO `episodes` (`id`, `anime_id`, `episode_number`, `title`, `synopsis`, `duration_seconds`, `thumbnail_key`, `view_count`, `created_at`) VALUES ('ep-anime-aot-4', 'anime-aot', 4, 'Episode 4', 'Detailed synopsis for episode 4.', 1440, '/demo/demo-landscape.webp', 0, (strftime('%s', 'now')));
INSERT INTO `video_sources` (`id`, `episode_id`, `quality_id`, `format_id`, `url`, `file_key`, `is_primary`, `created_at`) VALUES ('src-ep-anime-aot-4-360p', 'ep-anime-aot-4', '360p', 'mp4', 'https://cdn.zenith.dyzulk.net.eu.org/anime/demo/episode/1/360p.mp4', 'demo/360p.mp4', 0, (strftime('%s', 'now')));
INSERT INTO `video_sources` (`id`, `episode_id`, `quality_id`, `format_id`, `url`, `file_key`, `is_primary`, `created_at`) VALUES ('src-ep-anime-aot-4-480p', 'ep-anime-aot-4', '480p', 'mp4', 'https://cdn.zenith.dyzulk.net.eu.org/anime/demo/episode/1/480p.mp4', 'demo/480p.mp4', 0, (strftime('%s', 'now')));
INSERT INTO `video_sources` (`id`, `episode_id`, `quality_id`, `format_id`, `url`, `file_key`, `is_primary`, `created_at`) VALUES ('src-ep-anime-aot-4-720p', 'ep-anime-aot-4', '720p', 'mp4', 'https://cdn.zenith.dyzulk.net.eu.org/anime/demo/episode/1/720p.mp4', 'demo/720p.mp4', 0, (strftime('%s', 'now')));
INSERT INTO `video_sources` (`id`, `episode_id`, `quality_id`, `format_id`, `url`, `file_key`, `is_primary`, `created_at`) VALUES ('src-ep-anime-aot-4-1080p', 'ep-anime-aot-4', '1080p', 'mp4', 'https://cdn.zenith.dyzulk.net.eu.org/anime/demo/episode/1/1080p.mp4', 'demo/1080p.mp4', 1, (strftime('%s', 'now')));
INSERT INTO `episodes` (`id`, `anime_id`, `episode_number`, `title`, `synopsis`, `duration_seconds`, `thumbnail_key`, `view_count`, `created_at`) VALUES ('ep-anime-aot-5', 'anime-aot', 5, 'Episode 5', 'Detailed synopsis for episode 5.', 1440, '/demo/demo-landscape.webp', 0, (strftime('%s', 'now')));
INSERT INTO `video_sources` (`id`, `episode_id`, `quality_id`, `format_id`, `url`, `file_key`, `is_primary`, `created_at`) VALUES ('src-ep-anime-aot-5-360p', 'ep-anime-aot-5', '360p', 'mp4', 'https://cdn.zenith.dyzulk.net.eu.org/anime/demo/episode/1/360p.mp4', 'demo/360p.mp4', 0, (strftime('%s', 'now')));
INSERT INTO `video_sources` (`id`, `episode_id`, `quality_id`, `format_id`, `url`, `file_key`, `is_primary`, `created_at`) VALUES ('src-ep-anime-aot-5-480p', 'ep-anime-aot-5', '480p', 'mp4', 'https://cdn.zenith.dyzulk.net.eu.org/anime/demo/episode/1/480p.mp4', 'demo/480p.mp4', 0, (strftime('%s', 'now')));
INSERT INTO `video_sources` (`id`, `episode_id`, `quality_id`, `format_id`, `url`, `file_key`, `is_primary`, `created_at`) VALUES ('src-ep-anime-aot-5-720p', 'ep-anime-aot-5', '720p', 'mp4', 'https://cdn.zenith.dyzulk.net.eu.org/anime/demo/episode/1/720p.mp4', 'demo/720p.mp4', 0, (strftime('%s', 'now')));
INSERT INTO `video_sources` (`id`, `episode_id`, `quality_id`, `format_id`, `url`, `file_key`, `is_primary`, `created_at`) VALUES ('src-ep-anime-aot-5-1080p', 'ep-anime-aot-5', '1080p', 'mp4', 'https://cdn.zenith.dyzulk.net.eu.org/anime/demo/episode/1/1080p.mp4', 'demo/1080p.mp4', 1, (strftime('%s', 'now')));
INSERT INTO `episodes` (`id`, `anime_id`, `episode_number`, `title`, `synopsis`, `duration_seconds`, `thumbnail_key`, `view_count`, `created_at`) VALUES ('ep-anime-aot-6', 'anime-aot', 6, 'Episode 6', 'Detailed synopsis for episode 6.', 1440, '/demo/demo-landscape.webp', 0, (strftime('%s', 'now')));
INSERT INTO `video_sources` (`id`, `episode_id`, `quality_id`, `format_id`, `url`, `file_key`, `is_primary`, `created_at`) VALUES ('src-ep-anime-aot-6-360p', 'ep-anime-aot-6', '360p', 'mp4', 'https://cdn.zenith.dyzulk.net.eu.org/anime/demo/episode/1/360p.mp4', 'demo/360p.mp4', 0, (strftime('%s', 'now')));
INSERT INTO `video_sources` (`id`, `episode_id`, `quality_id`, `format_id`, `url`, `file_key`, `is_primary`, `created_at`) VALUES ('src-ep-anime-aot-6-480p', 'ep-anime-aot-6', '480p', 'mp4', 'https://cdn.zenith.dyzulk.net.eu.org/anime/demo/episode/1/480p.mp4', 'demo/480p.mp4', 0, (strftime('%s', 'now')));
INSERT INTO `video_sources` (`id`, `episode_id`, `quality_id`, `format_id`, `url`, `file_key`, `is_primary`, `created_at`) VALUES ('src-ep-anime-aot-6-720p', 'ep-anime-aot-6', '720p', 'mp4', 'https://cdn.zenith.dyzulk.net.eu.org/anime/demo/episode/1/720p.mp4', 'demo/720p.mp4', 0, (strftime('%s', 'now')));
INSERT INTO `video_sources` (`id`, `episode_id`, `quality_id`, `format_id`, `url`, `file_key`, `is_primary`, `created_at`) VALUES ('src-ep-anime-aot-6-1080p', 'ep-anime-aot-6', '1080p', 'mp4', 'https://cdn.zenith.dyzulk.net.eu.org/anime/demo/episode/1/1080p.mp4', 'demo/1080p.mp4', 1, (strftime('%s', 'now')));
INSERT INTO `episodes` (`id`, `anime_id`, `episode_number`, `title`, `synopsis`, `duration_seconds`, `thumbnail_key`, `view_count`, `created_at`) VALUES ('ep-anime-aot-7', 'anime-aot', 7, 'Episode 7', 'Detailed synopsis for episode 7.', 1440, '/demo/demo-landscape.webp', 0, (strftime('%s', 'now')));
INSERT INTO `video_sources` (`id`, `episode_id`, `quality_id`, `format_id`, `url`, `file_key`, `is_primary`, `created_at`) VALUES ('src-ep-anime-aot-7-360p', 'ep-anime-aot-7', '360p', 'mp4', 'https://cdn.zenith.dyzulk.net.eu.org/anime/demo/episode/1/360p.mp4', 'demo/360p.mp4', 0, (strftime('%s', 'now')));
INSERT INTO `video_sources` (`id`, `episode_id`, `quality_id`, `format_id`, `url`, `file_key`, `is_primary`, `created_at`) VALUES ('src-ep-anime-aot-7-480p', 'ep-anime-aot-7', '480p', 'mp4', 'https://cdn.zenith.dyzulk.net.eu.org/anime/demo/episode/1/480p.mp4', 'demo/480p.mp4', 0, (strftime('%s', 'now')));
INSERT INTO `video_sources` (`id`, `episode_id`, `quality_id`, `format_id`, `url`, `file_key`, `is_primary`, `created_at`) VALUES ('src-ep-anime-aot-7-720p', 'ep-anime-aot-7', '720p', 'mp4', 'https://cdn.zenith.dyzulk.net.eu.org/anime/demo/episode/1/720p.mp4', 'demo/720p.mp4', 0, (strftime('%s', 'now')));
INSERT INTO `video_sources` (`id`, `episode_id`, `quality_id`, `format_id`, `url`, `file_key`, `is_primary`, `created_at`) VALUES ('src-ep-anime-aot-7-1080p', 'ep-anime-aot-7', '1080p', 'mp4', 'https://cdn.zenith.dyzulk.net.eu.org/anime/demo/episode/1/1080p.mp4', 'demo/1080p.mp4', 1, (strftime('%s', 'now')));
INSERT INTO `episodes` (`id`, `anime_id`, `episode_number`, `title`, `synopsis`, `duration_seconds`, `thumbnail_key`, `view_count`, `created_at`) VALUES ('ep-anime-aot-8', 'anime-aot', 8, 'Episode 8', 'Detailed synopsis for episode 8.', 1440, '/demo/demo-landscape.webp', 0, (strftime('%s', 'now')));
INSERT INTO `video_sources` (`id`, `episode_id`, `quality_id`, `format_id`, `url`, `file_key`, `is_primary`, `created_at`) VALUES ('src-ep-anime-aot-8-360p', 'ep-anime-aot-8', '360p', 'mp4', 'https://cdn.zenith.dyzulk.net.eu.org/anime/demo/episode/1/360p.mp4', 'demo/360p.mp4', 0, (strftime('%s', 'now')));
INSERT INTO `video_sources` (`id`, `episode_id`, `quality_id`, `format_id`, `url`, `file_key`, `is_primary`, `created_at`) VALUES ('src-ep-anime-aot-8-480p', 'ep-anime-aot-8', '480p', 'mp4', 'https://cdn.zenith.dyzulk.net.eu.org/anime/demo/episode/1/480p.mp4', 'demo/480p.mp4', 0, (strftime('%s', 'now')));
INSERT INTO `video_sources` (`id`, `episode_id`, `quality_id`, `format_id`, `url`, `file_key`, `is_primary`, `created_at`) VALUES ('src-ep-anime-aot-8-720p', 'ep-anime-aot-8', '720p', 'mp4', 'https://cdn.zenith.dyzulk.net.eu.org/anime/demo/episode/1/720p.mp4', 'demo/720p.mp4', 0, (strftime('%s', 'now')));
INSERT INTO `video_sources` (`id`, `episode_id`, `quality_id`, `format_id`, `url`, `file_key`, `is_primary`, `created_at`) VALUES ('src-ep-anime-aot-8-1080p', 'ep-anime-aot-8', '1080p', 'mp4', 'https://cdn.zenith.dyzulk.net.eu.org/anime/demo/episode/1/1080p.mp4', 'demo/1080p.mp4', 1, (strftime('%s', 'now')));
INSERT INTO `episodes` (`id`, `anime_id`, `episode_number`, `title`, `synopsis`, `duration_seconds`, `thumbnail_key`, `view_count`, `created_at`) VALUES ('ep-anime-aot-9', 'anime-aot', 9, 'Episode 9', 'Detailed synopsis for episode 9.', 1440, '/demo/demo-landscape.webp', 0, (strftime('%s', 'now')));
INSERT INTO `video_sources` (`id`, `episode_id`, `quality_id`, `format_id`, `url`, `file_key`, `is_primary`, `created_at`) VALUES ('src-ep-anime-aot-9-360p', 'ep-anime-aot-9', '360p', 'mp4', 'https://cdn.zenith.dyzulk.net.eu.org/anime/demo/episode/1/360p.mp4', 'demo/360p.mp4', 0, (strftime('%s', 'now')));
INSERT INTO `video_sources` (`id`, `episode_id`, `quality_id`, `format_id`, `url`, `file_key`, `is_primary`, `created_at`) VALUES ('src-ep-anime-aot-9-480p', 'ep-anime-aot-9', '480p', 'mp4', 'https://cdn.zenith.dyzulk.net.eu.org/anime/demo/episode/1/480p.mp4', 'demo/480p.mp4', 0, (strftime('%s', 'now')));
INSERT INTO `video_sources` (`id`, `episode_id`, `quality_id`, `format_id`, `url`, `file_key`, `is_primary`, `created_at`) VALUES ('src-ep-anime-aot-9-720p', 'ep-anime-aot-9', '720p', 'mp4', 'https://cdn.zenith.dyzulk.net.eu.org/anime/demo/episode/1/720p.mp4', 'demo/720p.mp4', 0, (strftime('%s', 'now')));
INSERT INTO `video_sources` (`id`, `episode_id`, `quality_id`, `format_id`, `url`, `file_key`, `is_primary`, `created_at`) VALUES ('src-ep-anime-aot-9-1080p', 'ep-anime-aot-9', '1080p', 'mp4', 'https://cdn.zenith.dyzulk.net.eu.org/anime/demo/episode/1/1080p.mp4', 'demo/1080p.mp4', 1, (strftime('%s', 'now')));
INSERT INTO `episodes` (`id`, `anime_id`, `episode_number`, `title`, `synopsis`, `duration_seconds`, `thumbnail_key`, `view_count`, `created_at`) VALUES ('ep-anime-aot-10', 'anime-aot', 10, 'Episode 10', 'Detailed synopsis for episode 10.', 1440, '/demo/demo-landscape.webp', 0, (strftime('%s', 'now')));
INSERT INTO `video_sources` (`id`, `episode_id`, `quality_id`, `format_id`, `url`, `file_key`, `is_primary`, `created_at`) VALUES ('src-ep-anime-aot-10-360p', 'ep-anime-aot-10', '360p', 'mp4', 'https://cdn.zenith.dyzulk.net.eu.org/anime/demo/episode/1/360p.mp4', 'demo/360p.mp4', 0, (strftime('%s', 'now')));
INSERT INTO `video_sources` (`id`, `episode_id`, `quality_id`, `format_id`, `url`, `file_key`, `is_primary`, `created_at`) VALUES ('src-ep-anime-aot-10-480p', 'ep-anime-aot-10', '480p', 'mp4', 'https://cdn.zenith.dyzulk.net.eu.org/anime/demo/episode/1/480p.mp4', 'demo/480p.mp4', 0, (strftime('%s', 'now')));
INSERT INTO `video_sources` (`id`, `episode_id`, `quality_id`, `format_id`, `url`, `file_key`, `is_primary`, `created_at`) VALUES ('src-ep-anime-aot-10-720p', 'ep-anime-aot-10', '720p', 'mp4', 'https://cdn.zenith.dyzulk.net.eu.org/anime/demo/episode/1/720p.mp4', 'demo/720p.mp4', 0, (strftime('%s', 'now')));
INSERT INTO `video_sources` (`id`, `episode_id`, `quality_id`, `format_id`, `url`, `file_key`, `is_primary`, `created_at`) VALUES ('src-ep-anime-aot-10-1080p', 'ep-anime-aot-10', '1080p', 'mp4', 'https://cdn.zenith.dyzulk.net.eu.org/anime/demo/episode/1/1080p.mp4', 'demo/1080p.mp4', 1, (strftime('%s', 'now')));
INSERT INTO `episodes` (`id`, `anime_id`, `episode_number`, `title`, `synopsis`, `duration_seconds`, `thumbnail_key`, `view_count`, `created_at`) VALUES ('ep-anime-aot-11', 'anime-aot', 11, 'Episode 11', 'Detailed synopsis for episode 11.', 1440, '/demo/demo-landscape.webp', 0, (strftime('%s', 'now')));
INSERT INTO `video_sources` (`id`, `episode_id`, `quality_id`, `format_id`, `url`, `file_key`, `is_primary`, `created_at`) VALUES ('src-ep-anime-aot-11-360p', 'ep-anime-aot-11', '360p', 'mp4', 'https://cdn.zenith.dyzulk.net.eu.org/anime/demo/episode/1/360p.mp4', 'demo/360p.mp4', 0, (strftime('%s', 'now')));
INSERT INTO `video_sources` (`id`, `episode_id`, `quality_id`, `format_id`, `url`, `file_key`, `is_primary`, `created_at`) VALUES ('src-ep-anime-aot-11-480p', 'ep-anime-aot-11', '480p', 'mp4', 'https://cdn.zenith.dyzulk.net.eu.org/anime/demo/episode/1/480p.mp4', 'demo/480p.mp4', 0, (strftime('%s', 'now')));
INSERT INTO `video_sources` (`id`, `episode_id`, `quality_id`, `format_id`, `url`, `file_key`, `is_primary`, `created_at`) VALUES ('src-ep-anime-aot-11-720p', 'ep-anime-aot-11', '720p', 'mp4', 'https://cdn.zenith.dyzulk.net.eu.org/anime/demo/episode/1/720p.mp4', 'demo/720p.mp4', 0, (strftime('%s', 'now')));
INSERT INTO `video_sources` (`id`, `episode_id`, `quality_id`, `format_id`, `url`, `file_key`, `is_primary`, `created_at`) VALUES ('src-ep-anime-aot-11-1080p', 'ep-anime-aot-11', '1080p', 'mp4', 'https://cdn.zenith.dyzulk.net.eu.org/anime/demo/episode/1/1080p.mp4', 'demo/1080p.mp4', 1, (strftime('%s', 'now')));
INSERT INTO `episodes` (`id`, `anime_id`, `episode_number`, `title`, `synopsis`, `duration_seconds`, `thumbnail_key`, `view_count`, `created_at`) VALUES ('ep-anime-aot-12', 'anime-aot', 12, 'Episode 12', 'Detailed synopsis for episode 12.', 1440, '/demo/demo-landscape.webp', 0, (strftime('%s', 'now')));
INSERT INTO `video_sources` (`id`, `episode_id`, `quality_id`, `format_id`, `url`, `file_key`, `is_primary`, `created_at`) VALUES ('src-ep-anime-aot-12-360p', 'ep-anime-aot-12', '360p', 'mp4', 'https://cdn.zenith.dyzulk.net.eu.org/anime/demo/episode/1/360p.mp4', 'demo/360p.mp4', 0, (strftime('%s', 'now')));
INSERT INTO `video_sources` (`id`, `episode_id`, `quality_id`, `format_id`, `url`, `file_key`, `is_primary`, `created_at`) VALUES ('src-ep-anime-aot-12-480p', 'ep-anime-aot-12', '480p', 'mp4', 'https://cdn.zenith.dyzulk.net.eu.org/anime/demo/episode/1/480p.mp4', 'demo/480p.mp4', 0, (strftime('%s', 'now')));
INSERT INTO `video_sources` (`id`, `episode_id`, `quality_id`, `format_id`, `url`, `file_key`, `is_primary`, `created_at`) VALUES ('src-ep-anime-aot-12-720p', 'ep-anime-aot-12', '720p', 'mp4', 'https://cdn.zenith.dyzulk.net.eu.org/anime/demo/episode/1/720p.mp4', 'demo/720p.mp4', 0, (strftime('%s', 'now')));
INSERT INTO `video_sources` (`id`, `episode_id`, `quality_id`, `format_id`, `url`, `file_key`, `is_primary`, `created_at`) VALUES ('src-ep-anime-aot-12-1080p', 'ep-anime-aot-12', '1080p', 'mp4', 'https://cdn.zenith.dyzulk.net.eu.org/anime/demo/episode/1/1080p.mp4', 'demo/1080p.mp4', 1, (strftime('%s', 'now')));
INSERT INTO `episodes` (`id`, `anime_id`, `episode_number`, `title`, `synopsis`, `duration_seconds`, `thumbnail_key`, `view_count`, `created_at`) VALUES ('ep-anime-ds-1', 'anime-ds', 1, 'Episode 1', 'Detailed synopsis for episode 1.', 1440, '/demo/demo-landscape.webp', 0, (strftime('%s', 'now')));
INSERT INTO `video_sources` (`id`, `episode_id`, `quality_id`, `format_id`, `url`, `file_key`, `is_primary`, `created_at`) VALUES ('src-ep-anime-ds-1-360p', 'ep-anime-ds-1', '360p', 'mp4', 'https://cdn.zenith.dyzulk.net.eu.org/anime/demo/episode/1/360p.mp4', 'demo/360p.mp4', 0, (strftime('%s', 'now')));
INSERT INTO `video_sources` (`id`, `episode_id`, `quality_id`, `format_id`, `url`, `file_key`, `is_primary`, `created_at`) VALUES ('src-ep-anime-ds-1-480p', 'ep-anime-ds-1', '480p', 'mp4', 'https://cdn.zenith.dyzulk.net.eu.org/anime/demo/episode/1/480p.mp4', 'demo/480p.mp4', 0, (strftime('%s', 'now')));
INSERT INTO `video_sources` (`id`, `episode_id`, `quality_id`, `format_id`, `url`, `file_key`, `is_primary`, `created_at`) VALUES ('src-ep-anime-ds-1-720p', 'ep-anime-ds-1', '720p', 'mp4', 'https://cdn.zenith.dyzulk.net.eu.org/anime/demo/episode/1/720p.mp4', 'demo/720p.mp4', 0, (strftime('%s', 'now')));
INSERT INTO `video_sources` (`id`, `episode_id`, `quality_id`, `format_id`, `url`, `file_key`, `is_primary`, `created_at`) VALUES ('src-ep-anime-ds-1-1080p', 'ep-anime-ds-1', '1080p', 'mp4', 'https://cdn.zenith.dyzulk.net.eu.org/anime/demo/episode/1/1080p.mp4', 'demo/1080p.mp4', 1, (strftime('%s', 'now')));
INSERT INTO `episodes` (`id`, `anime_id`, `episode_number`, `title`, `synopsis`, `duration_seconds`, `thumbnail_key`, `view_count`, `created_at`) VALUES ('ep-anime-ds-2', 'anime-ds', 2, 'Episode 2', 'Detailed synopsis for episode 2.', 1440, '/demo/demo-landscape.webp', 0, (strftime('%s', 'now')));
INSERT INTO `video_sources` (`id`, `episode_id`, `quality_id`, `format_id`, `url`, `file_key`, `is_primary`, `created_at`) VALUES ('src-ep-anime-ds-2-360p', 'ep-anime-ds-2', '360p', 'mp4', 'https://cdn.zenith.dyzulk.net.eu.org/anime/demo/episode/1/360p.mp4', 'demo/360p.mp4', 0, (strftime('%s', 'now')));
INSERT INTO `video_sources` (`id`, `episode_id`, `quality_id`, `format_id`, `url`, `file_key`, `is_primary`, `created_at`) VALUES ('src-ep-anime-ds-2-480p', 'ep-anime-ds-2', '480p', 'mp4', 'https://cdn.zenith.dyzulk.net.eu.org/anime/demo/episode/1/480p.mp4', 'demo/480p.mp4', 0, (strftime('%s', 'now')));
INSERT INTO `video_sources` (`id`, `episode_id`, `quality_id`, `format_id`, `url`, `file_key`, `is_primary`, `created_at`) VALUES ('src-ep-anime-ds-2-720p', 'ep-anime-ds-2', '720p', 'mp4', 'https://cdn.zenith.dyzulk.net.eu.org/anime/demo/episode/1/720p.mp4', 'demo/720p.mp4', 0, (strftime('%s', 'now')));
INSERT INTO `video_sources` (`id`, `episode_id`, `quality_id`, `format_id`, `url`, `file_key`, `is_primary`, `created_at`) VALUES ('src-ep-anime-ds-2-1080p', 'ep-anime-ds-2', '1080p', 'mp4', 'https://cdn.zenith.dyzulk.net.eu.org/anime/demo/episode/1/1080p.mp4', 'demo/1080p.mp4', 1, (strftime('%s', 'now')));
INSERT INTO `episodes` (`id`, `anime_id`, `episode_number`, `title`, `synopsis`, `duration_seconds`, `thumbnail_key`, `view_count`, `created_at`) VALUES ('ep-anime-ds-3', 'anime-ds', 3, 'Episode 3', 'Detailed synopsis for episode 3.', 1440, '/demo/demo-landscape.webp', 0, (strftime('%s', 'now')));
INSERT INTO `video_sources` (`id`, `episode_id`, `quality_id`, `format_id`, `url`, `file_key`, `is_primary`, `created_at`) VALUES ('src-ep-anime-ds-3-360p', 'ep-anime-ds-3', '360p', 'mp4', 'https://cdn.zenith.dyzulk.net.eu.org/anime/demo/episode/1/360p.mp4', 'demo/360p.mp4', 0, (strftime('%s', 'now')));
INSERT INTO `video_sources` (`id`, `episode_id`, `quality_id`, `format_id`, `url`, `file_key`, `is_primary`, `created_at`) VALUES ('src-ep-anime-ds-3-480p', 'ep-anime-ds-3', '480p', 'mp4', 'https://cdn.zenith.dyzulk.net.eu.org/anime/demo/episode/1/480p.mp4', 'demo/480p.mp4', 0, (strftime('%s', 'now')));
INSERT INTO `video_sources` (`id`, `episode_id`, `quality_id`, `format_id`, `url`, `file_key`, `is_primary`, `created_at`) VALUES ('src-ep-anime-ds-3-720p', 'ep-anime-ds-3', '720p', 'mp4', 'https://cdn.zenith.dyzulk.net.eu.org/anime/demo/episode/1/720p.mp4', 'demo/720p.mp4', 0, (strftime('%s', 'now')));
INSERT INTO `video_sources` (`id`, `episode_id`, `quality_id`, `format_id`, `url`, `file_key`, `is_primary`, `created_at`) VALUES ('src-ep-anime-ds-3-1080p', 'ep-anime-ds-3', '1080p', 'mp4', 'https://cdn.zenith.dyzulk.net.eu.org/anime/demo/episode/1/1080p.mp4', 'demo/1080p.mp4', 1, (strftime('%s', 'now')));
INSERT INTO `episodes` (`id`, `anime_id`, `episode_number`, `title`, `synopsis`, `duration_seconds`, `thumbnail_key`, `view_count`, `created_at`) VALUES ('ep-anime-ds-4', 'anime-ds', 4, 'Episode 4', 'Detailed synopsis for episode 4.', 1440, '/demo/demo-landscape.webp', 0, (strftime('%s', 'now')));
INSERT INTO `video_sources` (`id`, `episode_id`, `quality_id`, `format_id`, `url`, `file_key`, `is_primary`, `created_at`) VALUES ('src-ep-anime-ds-4-360p', 'ep-anime-ds-4', '360p', 'mp4', 'https://cdn.zenith.dyzulk.net.eu.org/anime/demo/episode/1/360p.mp4', 'demo/360p.mp4', 0, (strftime('%s', 'now')));
INSERT INTO `video_sources` (`id`, `episode_id`, `quality_id`, `format_id`, `url`, `file_key`, `is_primary`, `created_at`) VALUES ('src-ep-anime-ds-4-480p', 'ep-anime-ds-4', '480p', 'mp4', 'https://cdn.zenith.dyzulk.net.eu.org/anime/demo/episode/1/480p.mp4', 'demo/480p.mp4', 0, (strftime('%s', 'now')));
INSERT INTO `video_sources` (`id`, `episode_id`, `quality_id`, `format_id`, `url`, `file_key`, `is_primary`, `created_at`) VALUES ('src-ep-anime-ds-4-720p', 'ep-anime-ds-4', '720p', 'mp4', 'https://cdn.zenith.dyzulk.net.eu.org/anime/demo/episode/1/720p.mp4', 'demo/720p.mp4', 0, (strftime('%s', 'now')));
INSERT INTO `video_sources` (`id`, `episode_id`, `quality_id`, `format_id`, `url`, `file_key`, `is_primary`, `created_at`) VALUES ('src-ep-anime-ds-4-1080p', 'ep-anime-ds-4', '1080p', 'mp4', 'https://cdn.zenith.dyzulk.net.eu.org/anime/demo/episode/1/1080p.mp4', 'demo/1080p.mp4', 1, (strftime('%s', 'now')));
INSERT INTO `episodes` (`id`, `anime_id`, `episode_number`, `title`, `synopsis`, `duration_seconds`, `thumbnail_key`, `view_count`, `created_at`) VALUES ('ep-anime-ds-5', 'anime-ds', 5, 'Episode 5', 'Detailed synopsis for episode 5.', 1440, '/demo/demo-landscape.webp', 0, (strftime('%s', 'now')));
INSERT INTO `video_sources` (`id`, `episode_id`, `quality_id`, `format_id`, `url`, `file_key`, `is_primary`, `created_at`) VALUES ('src-ep-anime-ds-5-360p', 'ep-anime-ds-5', '360p', 'mp4', 'https://cdn.zenith.dyzulk.net.eu.org/anime/demo/episode/1/360p.mp4', 'demo/360p.mp4', 0, (strftime('%s', 'now')));
INSERT INTO `video_sources` (`id`, `episode_id`, `quality_id`, `format_id`, `url`, `file_key`, `is_primary`, `created_at`) VALUES ('src-ep-anime-ds-5-480p', 'ep-anime-ds-5', '480p', 'mp4', 'https://cdn.zenith.dyzulk.net.eu.org/anime/demo/episode/1/480p.mp4', 'demo/480p.mp4', 0, (strftime('%s', 'now')));
INSERT INTO `video_sources` (`id`, `episode_id`, `quality_id`, `format_id`, `url`, `file_key`, `is_primary`, `created_at`) VALUES ('src-ep-anime-ds-5-720p', 'ep-anime-ds-5', '720p', 'mp4', 'https://cdn.zenith.dyzulk.net.eu.org/anime/demo/episode/1/720p.mp4', 'demo/720p.mp4', 0, (strftime('%s', 'now')));
INSERT INTO `video_sources` (`id`, `episode_id`, `quality_id`, `format_id`, `url`, `file_key`, `is_primary`, `created_at`) VALUES ('src-ep-anime-ds-5-1080p', 'ep-anime-ds-5', '1080p', 'mp4', 'https://cdn.zenith.dyzulk.net.eu.org/anime/demo/episode/1/1080p.mp4', 'demo/1080p.mp4', 1, (strftime('%s', 'now')));
INSERT INTO `episodes` (`id`, `anime_id`, `episode_number`, `title`, `synopsis`, `duration_seconds`, `thumbnail_key`, `view_count`, `created_at`) VALUES ('ep-anime-ds-6', 'anime-ds', 6, 'Episode 6', 'Detailed synopsis for episode 6.', 1440, '/demo/demo-landscape.webp', 0, (strftime('%s', 'now')));
INSERT INTO `video_sources` (`id`, `episode_id`, `quality_id`, `format_id`, `url`, `file_key`, `is_primary`, `created_at`) VALUES ('src-ep-anime-ds-6-360p', 'ep-anime-ds-6', '360p', 'mp4', 'https://cdn.zenith.dyzulk.net.eu.org/anime/demo/episode/1/360p.mp4', 'demo/360p.mp4', 0, (strftime('%s', 'now')));
INSERT INTO `video_sources` (`id`, `episode_id`, `quality_id`, `format_id`, `url`, `file_key`, `is_primary`, `created_at`) VALUES ('src-ep-anime-ds-6-480p', 'ep-anime-ds-6', '480p', 'mp4', 'https://cdn.zenith.dyzulk.net.eu.org/anime/demo/episode/1/480p.mp4', 'demo/480p.mp4', 0, (strftime('%s', 'now')));
INSERT INTO `video_sources` (`id`, `episode_id`, `quality_id`, `format_id`, `url`, `file_key`, `is_primary`, `created_at`) VALUES ('src-ep-anime-ds-6-720p', 'ep-anime-ds-6', '720p', 'mp4', 'https://cdn.zenith.dyzulk.net.eu.org/anime/demo/episode/1/720p.mp4', 'demo/720p.mp4', 0, (strftime('%s', 'now')));
INSERT INTO `video_sources` (`id`, `episode_id`, `quality_id`, `format_id`, `url`, `file_key`, `is_primary`, `created_at`) VALUES ('src-ep-anime-ds-6-1080p', 'ep-anime-ds-6', '1080p', 'mp4', 'https://cdn.zenith.dyzulk.net.eu.org/anime/demo/episode/1/1080p.mp4', 'demo/1080p.mp4', 1, (strftime('%s', 'now')));
INSERT INTO `episodes` (`id`, `anime_id`, `episode_number`, `title`, `synopsis`, `duration_seconds`, `thumbnail_key`, `view_count`, `created_at`) VALUES ('ep-anime-ds-7', 'anime-ds', 7, 'Episode 7', 'Detailed synopsis for episode 7.', 1440, '/demo/demo-landscape.webp', 0, (strftime('%s', 'now')));
INSERT INTO `video_sources` (`id`, `episode_id`, `quality_id`, `format_id`, `url`, `file_key`, `is_primary`, `created_at`) VALUES ('src-ep-anime-ds-7-360p', 'ep-anime-ds-7', '360p', 'mp4', 'https://cdn.zenith.dyzulk.net.eu.org/anime/demo/episode/1/360p.mp4', 'demo/360p.mp4', 0, (strftime('%s', 'now')));
INSERT INTO `video_sources` (`id`, `episode_id`, `quality_id`, `format_id`, `url`, `file_key`, `is_primary`, `created_at`) VALUES ('src-ep-anime-ds-7-480p', 'ep-anime-ds-7', '480p', 'mp4', 'https://cdn.zenith.dyzulk.net.eu.org/anime/demo/episode/1/480p.mp4', 'demo/480p.mp4', 0, (strftime('%s', 'now')));
INSERT INTO `video_sources` (`id`, `episode_id`, `quality_id`, `format_id`, `url`, `file_key`, `is_primary`, `created_at`) VALUES ('src-ep-anime-ds-7-720p', 'ep-anime-ds-7', '720p', 'mp4', 'https://cdn.zenith.dyzulk.net.eu.org/anime/demo/episode/1/720p.mp4', 'demo/720p.mp4', 0, (strftime('%s', 'now')));
INSERT INTO `video_sources` (`id`, `episode_id`, `quality_id`, `format_id`, `url`, `file_key`, `is_primary`, `created_at`) VALUES ('src-ep-anime-ds-7-1080p', 'ep-anime-ds-7', '1080p', 'mp4', 'https://cdn.zenith.dyzulk.net.eu.org/anime/demo/episode/1/1080p.mp4', 'demo/1080p.mp4', 1, (strftime('%s', 'now')));
INSERT INTO `episodes` (`id`, `anime_id`, `episode_number`, `title`, `synopsis`, `duration_seconds`, `thumbnail_key`, `view_count`, `created_at`) VALUES ('ep-anime-ds-8', 'anime-ds', 8, 'Episode 8', 'Detailed synopsis for episode 8.', 1440, '/demo/demo-landscape.webp', 0, (strftime('%s', 'now')));
INSERT INTO `video_sources` (`id`, `episode_id`, `quality_id`, `format_id`, `url`, `file_key`, `is_primary`, `created_at`) VALUES ('src-ep-anime-ds-8-360p', 'ep-anime-ds-8', '360p', 'mp4', 'https://cdn.zenith.dyzulk.net.eu.org/anime/demo/episode/1/360p.mp4', 'demo/360p.mp4', 0, (strftime('%s', 'now')));
INSERT INTO `video_sources` (`id`, `episode_id`, `quality_id`, `format_id`, `url`, `file_key`, `is_primary`, `created_at`) VALUES ('src-ep-anime-ds-8-480p', 'ep-anime-ds-8', '480p', 'mp4', 'https://cdn.zenith.dyzulk.net.eu.org/anime/demo/episode/1/480p.mp4', 'demo/480p.mp4', 0, (strftime('%s', 'now')));
INSERT INTO `video_sources` (`id`, `episode_id`, `quality_id`, `format_id`, `url`, `file_key`, `is_primary`, `created_at`) VALUES ('src-ep-anime-ds-8-720p', 'ep-anime-ds-8', '720p', 'mp4', 'https://cdn.zenith.dyzulk.net.eu.org/anime/demo/episode/1/720p.mp4', 'demo/720p.mp4', 0, (strftime('%s', 'now')));
INSERT INTO `video_sources` (`id`, `episode_id`, `quality_id`, `format_id`, `url`, `file_key`, `is_primary`, `created_at`) VALUES ('src-ep-anime-ds-8-1080p', 'ep-anime-ds-8', '1080p', 'mp4', 'https://cdn.zenith.dyzulk.net.eu.org/anime/demo/episode/1/1080p.mp4', 'demo/1080p.mp4', 1, (strftime('%s', 'now')));
INSERT INTO `episodes` (`id`, `anime_id`, `episode_number`, `title`, `synopsis`, `duration_seconds`, `thumbnail_key`, `view_count`, `created_at`) VALUES ('ep-anime-ds-9', 'anime-ds', 9, 'Episode 9', 'Detailed synopsis for episode 9.', 1440, '/demo/demo-landscape.webp', 0, (strftime('%s', 'now')));
INSERT INTO `video_sources` (`id`, `episode_id`, `quality_id`, `format_id`, `url`, `file_key`, `is_primary`, `created_at`) VALUES ('src-ep-anime-ds-9-360p', 'ep-anime-ds-9', '360p', 'mp4', 'https://cdn.zenith.dyzulk.net.eu.org/anime/demo/episode/1/360p.mp4', 'demo/360p.mp4', 0, (strftime('%s', 'now')));
INSERT INTO `video_sources` (`id`, `episode_id`, `quality_id`, `format_id`, `url`, `file_key`, `is_primary`, `created_at`) VALUES ('src-ep-anime-ds-9-480p', 'ep-anime-ds-9', '480p', 'mp4', 'https://cdn.zenith.dyzulk.net.eu.org/anime/demo/episode/1/480p.mp4', 'demo/480p.mp4', 0, (strftime('%s', 'now')));
INSERT INTO `video_sources` (`id`, `episode_id`, `quality_id`, `format_id`, `url`, `file_key`, `is_primary`, `created_at`) VALUES ('src-ep-anime-ds-9-720p', 'ep-anime-ds-9', '720p', 'mp4', 'https://cdn.zenith.dyzulk.net.eu.org/anime/demo/episode/1/720p.mp4', 'demo/720p.mp4', 0, (strftime('%s', 'now')));
INSERT INTO `video_sources` (`id`, `episode_id`, `quality_id`, `format_id`, `url`, `file_key`, `is_primary`, `created_at`) VALUES ('src-ep-anime-ds-9-1080p', 'ep-anime-ds-9', '1080p', 'mp4', 'https://cdn.zenith.dyzulk.net.eu.org/anime/demo/episode/1/1080p.mp4', 'demo/1080p.mp4', 1, (strftime('%s', 'now')));
INSERT INTO `episodes` (`id`, `anime_id`, `episode_number`, `title`, `synopsis`, `duration_seconds`, `thumbnail_key`, `view_count`, `created_at`) VALUES ('ep-anime-ds-10', 'anime-ds', 10, 'Episode 10', 'Detailed synopsis for episode 10.', 1440, '/demo/demo-landscape.webp', 0, (strftime('%s', 'now')));
INSERT INTO `video_sources` (`id`, `episode_id`, `quality_id`, `format_id`, `url`, `file_key`, `is_primary`, `created_at`) VALUES ('src-ep-anime-ds-10-360p', 'ep-anime-ds-10', '360p', 'mp4', 'https://cdn.zenith.dyzulk.net.eu.org/anime/demo/episode/1/360p.mp4', 'demo/360p.mp4', 0, (strftime('%s', 'now')));
INSERT INTO `video_sources` (`id`, `episode_id`, `quality_id`, `format_id`, `url`, `file_key`, `is_primary`, `created_at`) VALUES ('src-ep-anime-ds-10-480p', 'ep-anime-ds-10', '480p', 'mp4', 'https://cdn.zenith.dyzulk.net.eu.org/anime/demo/episode/1/480p.mp4', 'demo/480p.mp4', 0, (strftime('%s', 'now')));
INSERT INTO `video_sources` (`id`, `episode_id`, `quality_id`, `format_id`, `url`, `file_key`, `is_primary`, `created_at`) VALUES ('src-ep-anime-ds-10-720p', 'ep-anime-ds-10', '720p', 'mp4', 'https://cdn.zenith.dyzulk.net.eu.org/anime/demo/episode/1/720p.mp4', 'demo/720p.mp4', 0, (strftime('%s', 'now')));
INSERT INTO `video_sources` (`id`, `episode_id`, `quality_id`, `format_id`, `url`, `file_key`, `is_primary`, `created_at`) VALUES ('src-ep-anime-ds-10-1080p', 'ep-anime-ds-10', '1080p', 'mp4', 'https://cdn.zenith.dyzulk.net.eu.org/anime/demo/episode/1/1080p.mp4', 'demo/1080p.mp4', 1, (strftime('%s', 'now')));
INSERT INTO `episodes` (`id`, `anime_id`, `episode_number`, `title`, `synopsis`, `duration_seconds`, `thumbnail_key`, `view_count`, `created_at`) VALUES ('ep-anime-ds-11', 'anime-ds', 11, 'Episode 11', 'Detailed synopsis for episode 11.', 1440, '/demo/demo-landscape.webp', 0, (strftime('%s', 'now')));
INSERT INTO `video_sources` (`id`, `episode_id`, `quality_id`, `format_id`, `url`, `file_key`, `is_primary`, `created_at`) VALUES ('src-ep-anime-ds-11-360p', 'ep-anime-ds-11', '360p', 'mp4', 'https://cdn.zenith.dyzulk.net.eu.org/anime/demo/episode/1/360p.mp4', 'demo/360p.mp4', 0, (strftime('%s', 'now')));
INSERT INTO `video_sources` (`id`, `episode_id`, `quality_id`, `format_id`, `url`, `file_key`, `is_primary`, `created_at`) VALUES ('src-ep-anime-ds-11-480p', 'ep-anime-ds-11', '480p', 'mp4', 'https://cdn.zenith.dyzulk.net.eu.org/anime/demo/episode/1/480p.mp4', 'demo/480p.mp4', 0, (strftime('%s', 'now')));
INSERT INTO `video_sources` (`id`, `episode_id`, `quality_id`, `format_id`, `url`, `file_key`, `is_primary`, `created_at`) VALUES ('src-ep-anime-ds-11-720p', 'ep-anime-ds-11', '720p', 'mp4', 'https://cdn.zenith.dyzulk.net.eu.org/anime/demo/episode/1/720p.mp4', 'demo/720p.mp4', 0, (strftime('%s', 'now')));
INSERT INTO `video_sources` (`id`, `episode_id`, `quality_id`, `format_id`, `url`, `file_key`, `is_primary`, `created_at`) VALUES ('src-ep-anime-ds-11-1080p', 'ep-anime-ds-11', '1080p', 'mp4', 'https://cdn.zenith.dyzulk.net.eu.org/anime/demo/episode/1/1080p.mp4', 'demo/1080p.mp4', 1, (strftime('%s', 'now')));
INSERT INTO `episodes` (`id`, `anime_id`, `episode_number`, `title`, `synopsis`, `duration_seconds`, `thumbnail_key`, `view_count`, `created_at`) VALUES ('ep-anime-ds-12', 'anime-ds', 12, 'Episode 12', 'Detailed synopsis for episode 12.', 1440, '/demo/demo-landscape.webp', 0, (strftime('%s', 'now')));
INSERT INTO `video_sources` (`id`, `episode_id`, `quality_id`, `format_id`, `url`, `file_key`, `is_primary`, `created_at`) VALUES ('src-ep-anime-ds-12-360p', 'ep-anime-ds-12', '360p', 'mp4', 'https://cdn.zenith.dyzulk.net.eu.org/anime/demo/episode/1/360p.mp4', 'demo/360p.mp4', 0, (strftime('%s', 'now')));
INSERT INTO `video_sources` (`id`, `episode_id`, `quality_id`, `format_id`, `url`, `file_key`, `is_primary`, `created_at`) VALUES ('src-ep-anime-ds-12-480p', 'ep-anime-ds-12', '480p', 'mp4', 'https://cdn.zenith.dyzulk.net.eu.org/anime/demo/episode/1/480p.mp4', 'demo/480p.mp4', 0, (strftime('%s', 'now')));
INSERT INTO `video_sources` (`id`, `episode_id`, `quality_id`, `format_id`, `url`, `file_key`, `is_primary`, `created_at`) VALUES ('src-ep-anime-ds-12-720p', 'ep-anime-ds-12', '720p', 'mp4', 'https://cdn.zenith.dyzulk.net.eu.org/anime/demo/episode/1/720p.mp4', 'demo/720p.mp4', 0, (strftime('%s', 'now')));
INSERT INTO `video_sources` (`id`, `episode_id`, `quality_id`, `format_id`, `url`, `file_key`, `is_primary`, `created_at`) VALUES ('src-ep-anime-ds-12-1080p', 'ep-anime-ds-12', '1080p', 'mp4', 'https://cdn.zenith.dyzulk.net.eu.org/anime/demo/episode/1/1080p.mp4', 'demo/1080p.mp4', 1, (strftime('%s', 'now')));
INSERT INTO `episodes` (`id`, `anime_id`, `episode_number`, `title`, `synopsis`, `duration_seconds`, `thumbnail_key`, `view_count`, `created_at`) VALUES ('ep-anime-vinland-1', 'anime-vinland', 1, 'Episode 1', 'Detailed synopsis for episode 1.', 1440, '/demo/demo-landscape.webp', 0, (strftime('%s', 'now')));
INSERT INTO `video_sources` (`id`, `episode_id`, `quality_id`, `format_id`, `url`, `file_key`, `is_primary`, `created_at`) VALUES ('src-ep-anime-vinland-1-360p', 'ep-anime-vinland-1', '360p', 'mp4', 'https://cdn.zenith.dyzulk.net.eu.org/anime/demo/episode/1/360p.mp4', 'demo/360p.mp4', 0, (strftime('%s', 'now')));
INSERT INTO `video_sources` (`id`, `episode_id`, `quality_id`, `format_id`, `url`, `file_key`, `is_primary`, `created_at`) VALUES ('src-ep-anime-vinland-1-480p', 'ep-anime-vinland-1', '480p', 'mp4', 'https://cdn.zenith.dyzulk.net.eu.org/anime/demo/episode/1/480p.mp4', 'demo/480p.mp4', 0, (strftime('%s', 'now')));
INSERT INTO `video_sources` (`id`, `episode_id`, `quality_id`, `format_id`, `url`, `file_key`, `is_primary`, `created_at`) VALUES ('src-ep-anime-vinland-1-720p', 'ep-anime-vinland-1', '720p', 'mp4', 'https://cdn.zenith.dyzulk.net.eu.org/anime/demo/episode/1/720p.mp4', 'demo/720p.mp4', 0, (strftime('%s', 'now')));
INSERT INTO `video_sources` (`id`, `episode_id`, `quality_id`, `format_id`, `url`, `file_key`, `is_primary`, `created_at`) VALUES ('src-ep-anime-vinland-1-1080p', 'ep-anime-vinland-1', '1080p', 'mp4', 'https://cdn.zenith.dyzulk.net.eu.org/anime/demo/episode/1/1080p.mp4', 'demo/1080p.mp4', 1, (strftime('%s', 'now')));
INSERT INTO `episodes` (`id`, `anime_id`, `episode_number`, `title`, `synopsis`, `duration_seconds`, `thumbnail_key`, `view_count`, `created_at`) VALUES ('ep-anime-vinland-2', 'anime-vinland', 2, 'Episode 2', 'Detailed synopsis for episode 2.', 1440, '/demo/demo-landscape.webp', 0, (strftime('%s', 'now')));
INSERT INTO `video_sources` (`id`, `episode_id`, `quality_id`, `format_id`, `url`, `file_key`, `is_primary`, `created_at`) VALUES ('src-ep-anime-vinland-2-360p', 'ep-anime-vinland-2', '360p', 'mp4', 'https://cdn.zenith.dyzulk.net.eu.org/anime/demo/episode/1/360p.mp4', 'demo/360p.mp4', 0, (strftime('%s', 'now')));
INSERT INTO `video_sources` (`id`, `episode_id`, `quality_id`, `format_id`, `url`, `file_key`, `is_primary`, `created_at`) VALUES ('src-ep-anime-vinland-2-480p', 'ep-anime-vinland-2', '480p', 'mp4', 'https://cdn.zenith.dyzulk.net.eu.org/anime/demo/episode/1/480p.mp4', 'demo/480p.mp4', 0, (strftime('%s', 'now')));
INSERT INTO `video_sources` (`id`, `episode_id`, `quality_id`, `format_id`, `url`, `file_key`, `is_primary`, `created_at`) VALUES ('src-ep-anime-vinland-2-720p', 'ep-anime-vinland-2', '720p', 'mp4', 'https://cdn.zenith.dyzulk.net.eu.org/anime/demo/episode/1/720p.mp4', 'demo/720p.mp4', 0, (strftime('%s', 'now')));
INSERT INTO `video_sources` (`id`, `episode_id`, `quality_id`, `format_id`, `url`, `file_key`, `is_primary`, `created_at`) VALUES ('src-ep-anime-vinland-2-1080p', 'ep-anime-vinland-2', '1080p', 'mp4', 'https://cdn.zenith.dyzulk.net.eu.org/anime/demo/episode/1/1080p.mp4', 'demo/1080p.mp4', 1, (strftime('%s', 'now')));
INSERT INTO `episodes` (`id`, `anime_id`, `episode_number`, `title`, `synopsis`, `duration_seconds`, `thumbnail_key`, `view_count`, `created_at`) VALUES ('ep-anime-vinland-3', 'anime-vinland', 3, 'Episode 3', 'Detailed synopsis for episode 3.', 1440, '/demo/demo-landscape.webp', 0, (strftime('%s', 'now')));
INSERT INTO `video_sources` (`id`, `episode_id`, `quality_id`, `format_id`, `url`, `file_key`, `is_primary`, `created_at`) VALUES ('src-ep-anime-vinland-3-360p', 'ep-anime-vinland-3', '360p', 'mp4', 'https://cdn.zenith.dyzulk.net.eu.org/anime/demo/episode/1/360p.mp4', 'demo/360p.mp4', 0, (strftime('%s', 'now')));
INSERT INTO `video_sources` (`id`, `episode_id`, `quality_id`, `format_id`, `url`, `file_key`, `is_primary`, `created_at`) VALUES ('src-ep-anime-vinland-3-480p', 'ep-anime-vinland-3', '480p', 'mp4', 'https://cdn.zenith.dyzulk.net.eu.org/anime/demo/episode/1/480p.mp4', 'demo/480p.mp4', 0, (strftime('%s', 'now')));
INSERT INTO `video_sources` (`id`, `episode_id`, `quality_id`, `format_id`, `url`, `file_key`, `is_primary`, `created_at`) VALUES ('src-ep-anime-vinland-3-720p', 'ep-anime-vinland-3', '720p', 'mp4', 'https://cdn.zenith.dyzulk.net.eu.org/anime/demo/episode/1/720p.mp4', 'demo/720p.mp4', 0, (strftime('%s', 'now')));
INSERT INTO `video_sources` (`id`, `episode_id`, `quality_id`, `format_id`, `url`, `file_key`, `is_primary`, `created_at`) VALUES ('src-ep-anime-vinland-3-1080p', 'ep-anime-vinland-3', '1080p', 'mp4', 'https://cdn.zenith.dyzulk.net.eu.org/anime/demo/episode/1/1080p.mp4', 'demo/1080p.mp4', 1, (strftime('%s', 'now')));
INSERT INTO `episodes` (`id`, `anime_id`, `episode_number`, `title`, `synopsis`, `duration_seconds`, `thumbnail_key`, `view_count`, `created_at`) VALUES ('ep-anime-vinland-4', 'anime-vinland', 4, 'Episode 4', 'Detailed synopsis for episode 4.', 1440, '/demo/demo-landscape.webp', 0, (strftime('%s', 'now')));
INSERT INTO `video_sources` (`id`, `episode_id`, `quality_id`, `format_id`, `url`, `file_key`, `is_primary`, `created_at`) VALUES ('src-ep-anime-vinland-4-360p', 'ep-anime-vinland-4', '360p', 'mp4', 'https://cdn.zenith.dyzulk.net.eu.org/anime/demo/episode/1/360p.mp4', 'demo/360p.mp4', 0, (strftime('%s', 'now')));
INSERT INTO `video_sources` (`id`, `episode_id`, `quality_id`, `format_id`, `url`, `file_key`, `is_primary`, `created_at`) VALUES ('src-ep-anime-vinland-4-480p', 'ep-anime-vinland-4', '480p', 'mp4', 'https://cdn.zenith.dyzulk.net.eu.org/anime/demo/episode/1/480p.mp4', 'demo/480p.mp4', 0, (strftime('%s', 'now')));
INSERT INTO `video_sources` (`id`, `episode_id`, `quality_id`, `format_id`, `url`, `file_key`, `is_primary`, `created_at`) VALUES ('src-ep-anime-vinland-4-720p', 'ep-anime-vinland-4', '720p', 'mp4', 'https://cdn.zenith.dyzulk.net.eu.org/anime/demo/episode/1/720p.mp4', 'demo/720p.mp4', 0, (strftime('%s', 'now')));
INSERT INTO `video_sources` (`id`, `episode_id`, `quality_id`, `format_id`, `url`, `file_key`, `is_primary`, `created_at`) VALUES ('src-ep-anime-vinland-4-1080p', 'ep-anime-vinland-4', '1080p', 'mp4', 'https://cdn.zenith.dyzulk.net.eu.org/anime/demo/episode/1/1080p.mp4', 'demo/1080p.mp4', 1, (strftime('%s', 'now')));
INSERT INTO `episodes` (`id`, `anime_id`, `episode_number`, `title`, `synopsis`, `duration_seconds`, `thumbnail_key`, `view_count`, `created_at`) VALUES ('ep-anime-vinland-5', 'anime-vinland', 5, 'Episode 5', 'Detailed synopsis for episode 5.', 1440, '/demo/demo-landscape.webp', 0, (strftime('%s', 'now')));
INSERT INTO `video_sources` (`id`, `episode_id`, `quality_id`, `format_id`, `url`, `file_key`, `is_primary`, `created_at`) VALUES ('src-ep-anime-vinland-5-360p', 'ep-anime-vinland-5', '360p', 'mp4', 'https://cdn.zenith.dyzulk.net.eu.org/anime/demo/episode/1/360p.mp4', 'demo/360p.mp4', 0, (strftime('%s', 'now')));
INSERT INTO `video_sources` (`id`, `episode_id`, `quality_id`, `format_id`, `url`, `file_key`, `is_primary`, `created_at`) VALUES ('src-ep-anime-vinland-5-480p', 'ep-anime-vinland-5', '480p', 'mp4', 'https://cdn.zenith.dyzulk.net.eu.org/anime/demo/episode/1/480p.mp4', 'demo/480p.mp4', 0, (strftime('%s', 'now')));
INSERT INTO `video_sources` (`id`, `episode_id`, `quality_id`, `format_id`, `url`, `file_key`, `is_primary`, `created_at`) VALUES ('src-ep-anime-vinland-5-720p', 'ep-anime-vinland-5', '720p', 'mp4', 'https://cdn.zenith.dyzulk.net.eu.org/anime/demo/episode/1/720p.mp4', 'demo/720p.mp4', 0, (strftime('%s', 'now')));
INSERT INTO `video_sources` (`id`, `episode_id`, `quality_id`, `format_id`, `url`, `file_key`, `is_primary`, `created_at`) VALUES ('src-ep-anime-vinland-5-1080p', 'ep-anime-vinland-5', '1080p', 'mp4', 'https://cdn.zenith.dyzulk.net.eu.org/anime/demo/episode/1/1080p.mp4', 'demo/1080p.mp4', 1, (strftime('%s', 'now')));
INSERT INTO `episodes` (`id`, `anime_id`, `episode_number`, `title`, `synopsis`, `duration_seconds`, `thumbnail_key`, `view_count`, `created_at`) VALUES ('ep-anime-vinland-6', 'anime-vinland', 6, 'Episode 6', 'Detailed synopsis for episode 6.', 1440, '/demo/demo-landscape.webp', 0, (strftime('%s', 'now')));
INSERT INTO `video_sources` (`id`, `episode_id`, `quality_id`, `format_id`, `url`, `file_key`, `is_primary`, `created_at`) VALUES ('src-ep-anime-vinland-6-360p', 'ep-anime-vinland-6', '360p', 'mp4', 'https://cdn.zenith.dyzulk.net.eu.org/anime/demo/episode/1/360p.mp4', 'demo/360p.mp4', 0, (strftime('%s', 'now')));
INSERT INTO `video_sources` (`id`, `episode_id`, `quality_id`, `format_id`, `url`, `file_key`, `is_primary`, `created_at`) VALUES ('src-ep-anime-vinland-6-480p', 'ep-anime-vinland-6', '480p', 'mp4', 'https://cdn.zenith.dyzulk.net.eu.org/anime/demo/episode/1/480p.mp4', 'demo/480p.mp4', 0, (strftime('%s', 'now')));
INSERT INTO `video_sources` (`id`, `episode_id`, `quality_id`, `format_id`, `url`, `file_key`, `is_primary`, `created_at`) VALUES ('src-ep-anime-vinland-6-720p', 'ep-anime-vinland-6', '720p', 'mp4', 'https://cdn.zenith.dyzulk.net.eu.org/anime/demo/episode/1/720p.mp4', 'demo/720p.mp4', 0, (strftime('%s', 'now')));
INSERT INTO `video_sources` (`id`, `episode_id`, `quality_id`, `format_id`, `url`, `file_key`, `is_primary`, `created_at`) VALUES ('src-ep-anime-vinland-6-1080p', 'ep-anime-vinland-6', '1080p', 'mp4', 'https://cdn.zenith.dyzulk.net.eu.org/anime/demo/episode/1/1080p.mp4', 'demo/1080p.mp4', 1, (strftime('%s', 'now')));
INSERT INTO `episodes` (`id`, `anime_id`, `episode_number`, `title`, `synopsis`, `duration_seconds`, `thumbnail_key`, `view_count`, `created_at`) VALUES ('ep-anime-vinland-7', 'anime-vinland', 7, 'Episode 7', 'Detailed synopsis for episode 7.', 1440, '/demo/demo-landscape.webp', 0, (strftime('%s', 'now')));
INSERT INTO `video_sources` (`id`, `episode_id`, `quality_id`, `format_id`, `url`, `file_key`, `is_primary`, `created_at`) VALUES ('src-ep-anime-vinland-7-360p', 'ep-anime-vinland-7', '360p', 'mp4', 'https://cdn.zenith.dyzulk.net.eu.org/anime/demo/episode/1/360p.mp4', 'demo/360p.mp4', 0, (strftime('%s', 'now')));
INSERT INTO `video_sources` (`id`, `episode_id`, `quality_id`, `format_id`, `url`, `file_key`, `is_primary`, `created_at`) VALUES ('src-ep-anime-vinland-7-480p', 'ep-anime-vinland-7', '480p', 'mp4', 'https://cdn.zenith.dyzulk.net.eu.org/anime/demo/episode/1/480p.mp4', 'demo/480p.mp4', 0, (strftime('%s', 'now')));
INSERT INTO `video_sources` (`id`, `episode_id`, `quality_id`, `format_id`, `url`, `file_key`, `is_primary`, `created_at`) VALUES ('src-ep-anime-vinland-7-720p', 'ep-anime-vinland-7', '720p', 'mp4', 'https://cdn.zenith.dyzulk.net.eu.org/anime/demo/episode/1/720p.mp4', 'demo/720p.mp4', 0, (strftime('%s', 'now')));
INSERT INTO `video_sources` (`id`, `episode_id`, `quality_id`, `format_id`, `url`, `file_key`, `is_primary`, `created_at`) VALUES ('src-ep-anime-vinland-7-1080p', 'ep-anime-vinland-7', '1080p', 'mp4', 'https://cdn.zenith.dyzulk.net.eu.org/anime/demo/episode/1/1080p.mp4', 'demo/1080p.mp4', 1, (strftime('%s', 'now')));
INSERT INTO `episodes` (`id`, `anime_id`, `episode_number`, `title`, `synopsis`, `duration_seconds`, `thumbnail_key`, `view_count`, `created_at`) VALUES ('ep-anime-vinland-8', 'anime-vinland', 8, 'Episode 8', 'Detailed synopsis for episode 8.', 1440, '/demo/demo-landscape.webp', 0, (strftime('%s', 'now')));
INSERT INTO `video_sources` (`id`, `episode_id`, `quality_id`, `format_id`, `url`, `file_key`, `is_primary`, `created_at`) VALUES ('src-ep-anime-vinland-8-360p', 'ep-anime-vinland-8', '360p', 'mp4', 'https://cdn.zenith.dyzulk.net.eu.org/anime/demo/episode/1/360p.mp4', 'demo/360p.mp4', 0, (strftime('%s', 'now')));
INSERT INTO `video_sources` (`id`, `episode_id`, `quality_id`, `format_id`, `url`, `file_key`, `is_primary`, `created_at`) VALUES ('src-ep-anime-vinland-8-480p', 'ep-anime-vinland-8', '480p', 'mp4', 'https://cdn.zenith.dyzulk.net.eu.org/anime/demo/episode/1/480p.mp4', 'demo/480p.mp4', 0, (strftime('%s', 'now')));
INSERT INTO `video_sources` (`id`, `episode_id`, `quality_id`, `format_id`, `url`, `file_key`, `is_primary`, `created_at`) VALUES ('src-ep-anime-vinland-8-720p', 'ep-anime-vinland-8', '720p', 'mp4', 'https://cdn.zenith.dyzulk.net.eu.org/anime/demo/episode/1/720p.mp4', 'demo/720p.mp4', 0, (strftime('%s', 'now')));
INSERT INTO `video_sources` (`id`, `episode_id`, `quality_id`, `format_id`, `url`, `file_key`, `is_primary`, `created_at`) VALUES ('src-ep-anime-vinland-8-1080p', 'ep-anime-vinland-8', '1080p', 'mp4', 'https://cdn.zenith.dyzulk.net.eu.org/anime/demo/episode/1/1080p.mp4', 'demo/1080p.mp4', 1, (strftime('%s', 'now')));
INSERT INTO `episodes` (`id`, `anime_id`, `episode_number`, `title`, `synopsis`, `duration_seconds`, `thumbnail_key`, `view_count`, `created_at`) VALUES ('ep-anime-vinland-9', 'anime-vinland', 9, 'Episode 9', 'Detailed synopsis for episode 9.', 1440, '/demo/demo-landscape.webp', 0, (strftime('%s', 'now')));
INSERT INTO `video_sources` (`id`, `episode_id`, `quality_id`, `format_id`, `url`, `file_key`, `is_primary`, `created_at`) VALUES ('src-ep-anime-vinland-9-360p', 'ep-anime-vinland-9', '360p', 'mp4', 'https://cdn.zenith.dyzulk.net.eu.org/anime/demo/episode/1/360p.mp4', 'demo/360p.mp4', 0, (strftime('%s', 'now')));
INSERT INTO `video_sources` (`id`, `episode_id`, `quality_id`, `format_id`, `url`, `file_key`, `is_primary`, `created_at`) VALUES ('src-ep-anime-vinland-9-480p', 'ep-anime-vinland-9', '480p', 'mp4', 'https://cdn.zenith.dyzulk.net.eu.org/anime/demo/episode/1/480p.mp4', 'demo/480p.mp4', 0, (strftime('%s', 'now')));
INSERT INTO `video_sources` (`id`, `episode_id`, `quality_id`, `format_id`, `url`, `file_key`, `is_primary`, `created_at`) VALUES ('src-ep-anime-vinland-9-720p', 'ep-anime-vinland-9', '720p', 'mp4', 'https://cdn.zenith.dyzulk.net.eu.org/anime/demo/episode/1/720p.mp4', 'demo/720p.mp4', 0, (strftime('%s', 'now')));
INSERT INTO `video_sources` (`id`, `episode_id`, `quality_id`, `format_id`, `url`, `file_key`, `is_primary`, `created_at`) VALUES ('src-ep-anime-vinland-9-1080p', 'ep-anime-vinland-9', '1080p', 'mp4', 'https://cdn.zenith.dyzulk.net.eu.org/anime/demo/episode/1/1080p.mp4', 'demo/1080p.mp4', 1, (strftime('%s', 'now')));
INSERT INTO `episodes` (`id`, `anime_id`, `episode_number`, `title`, `synopsis`, `duration_seconds`, `thumbnail_key`, `view_count`, `created_at`) VALUES ('ep-anime-vinland-10', 'anime-vinland', 10, 'Episode 10', 'Detailed synopsis for episode 10.', 1440, '/demo/demo-landscape.webp', 0, (strftime('%s', 'now')));
INSERT INTO `video_sources` (`id`, `episode_id`, `quality_id`, `format_id`, `url`, `file_key`, `is_primary`, `created_at`) VALUES ('src-ep-anime-vinland-10-360p', 'ep-anime-vinland-10', '360p', 'mp4', 'https://cdn.zenith.dyzulk.net.eu.org/anime/demo/episode/1/360p.mp4', 'demo/360p.mp4', 0, (strftime('%s', 'now')));
INSERT INTO `video_sources` (`id`, `episode_id`, `quality_id`, `format_id`, `url`, `file_key`, `is_primary`, `created_at`) VALUES ('src-ep-anime-vinland-10-480p', 'ep-anime-vinland-10', '480p', 'mp4', 'https://cdn.zenith.dyzulk.net.eu.org/anime/demo/episode/1/480p.mp4', 'demo/480p.mp4', 0, (strftime('%s', 'now')));
INSERT INTO `video_sources` (`id`, `episode_id`, `quality_id`, `format_id`, `url`, `file_key`, `is_primary`, `created_at`) VALUES ('src-ep-anime-vinland-10-720p', 'ep-anime-vinland-10', '720p', 'mp4', 'https://cdn.zenith.dyzulk.net.eu.org/anime/demo/episode/1/720p.mp4', 'demo/720p.mp4', 0, (strftime('%s', 'now')));
INSERT INTO `video_sources` (`id`, `episode_id`, `quality_id`, `format_id`, `url`, `file_key`, `is_primary`, `created_at`) VALUES ('src-ep-anime-vinland-10-1080p', 'ep-anime-vinland-10', '1080p', 'mp4', 'https://cdn.zenith.dyzulk.net.eu.org/anime/demo/episode/1/1080p.mp4', 'demo/1080p.mp4', 1, (strftime('%s', 'now')));
INSERT INTO `episodes` (`id`, `anime_id`, `episode_number`, `title`, `synopsis`, `duration_seconds`, `thumbnail_key`, `view_count`, `created_at`) VALUES ('ep-anime-vinland-11', 'anime-vinland', 11, 'Episode 11', 'Detailed synopsis for episode 11.', 1440, '/demo/demo-landscape.webp', 0, (strftime('%s', 'now')));
INSERT INTO `video_sources` (`id`, `episode_id`, `quality_id`, `format_id`, `url`, `file_key`, `is_primary`, `created_at`) VALUES ('src-ep-anime-vinland-11-360p', 'ep-anime-vinland-11', '360p', 'mp4', 'https://cdn.zenith.dyzulk.net.eu.org/anime/demo/episode/1/360p.mp4', 'demo/360p.mp4', 0, (strftime('%s', 'now')));
INSERT INTO `video_sources` (`id`, `episode_id`, `quality_id`, `format_id`, `url`, `file_key`, `is_primary`, `created_at`) VALUES ('src-ep-anime-vinland-11-480p', 'ep-anime-vinland-11', '480p', 'mp4', 'https://cdn.zenith.dyzulk.net.eu.org/anime/demo/episode/1/480p.mp4', 'demo/480p.mp4', 0, (strftime('%s', 'now')));
INSERT INTO `video_sources` (`id`, `episode_id`, `quality_id`, `format_id`, `url`, `file_key`, `is_primary`, `created_at`) VALUES ('src-ep-anime-vinland-11-720p', 'ep-anime-vinland-11', '720p', 'mp4', 'https://cdn.zenith.dyzulk.net.eu.org/anime/demo/episode/1/720p.mp4', 'demo/720p.mp4', 0, (strftime('%s', 'now')));
INSERT INTO `video_sources` (`id`, `episode_id`, `quality_id`, `format_id`, `url`, `file_key`, `is_primary`, `created_at`) VALUES ('src-ep-anime-vinland-11-1080p', 'ep-anime-vinland-11', '1080p', 'mp4', 'https://cdn.zenith.dyzulk.net.eu.org/anime/demo/episode/1/1080p.mp4', 'demo/1080p.mp4', 1, (strftime('%s', 'now')));
INSERT INTO `episodes` (`id`, `anime_id`, `episode_number`, `title`, `synopsis`, `duration_seconds`, `thumbnail_key`, `view_count`, `created_at`) VALUES ('ep-anime-vinland-12', 'anime-vinland', 12, 'Episode 12', 'Detailed synopsis for episode 12.', 1440, '/demo/demo-landscape.webp', 0, (strftime('%s', 'now')));
INSERT INTO `video_sources` (`id`, `episode_id`, `quality_id`, `format_id`, `url`, `file_key`, `is_primary`, `created_at`) VALUES ('src-ep-anime-vinland-12-360p', 'ep-anime-vinland-12', '360p', 'mp4', 'https://cdn.zenith.dyzulk.net.eu.org/anime/demo/episode/1/360p.mp4', 'demo/360p.mp4', 0, (strftime('%s', 'now')));
INSERT INTO `video_sources` (`id`, `episode_id`, `quality_id`, `format_id`, `url`, `file_key`, `is_primary`, `created_at`) VALUES ('src-ep-anime-vinland-12-480p', 'ep-anime-vinland-12', '480p', 'mp4', 'https://cdn.zenith.dyzulk.net.eu.org/anime/demo/episode/1/480p.mp4', 'demo/480p.mp4', 0, (strftime('%s', 'now')));
INSERT INTO `video_sources` (`id`, `episode_id`, `quality_id`, `format_id`, `url`, `file_key`, `is_primary`, `created_at`) VALUES ('src-ep-anime-vinland-12-720p', 'ep-anime-vinland-12', '720p', 'mp4', 'https://cdn.zenith.dyzulk.net.eu.org/anime/demo/episode/1/720p.mp4', 'demo/720p.mp4', 0, (strftime('%s', 'now')));
INSERT INTO `video_sources` (`id`, `episode_id`, `quality_id`, `format_id`, `url`, `file_key`, `is_primary`, `created_at`) VALUES ('src-ep-anime-vinland-12-1080p', 'ep-anime-vinland-12', '1080p', 'mp4', 'https://cdn.zenith.dyzulk.net.eu.org/anime/demo/episode/1/1080p.mp4', 'demo/1080p.mp4', 1, (strftime('%s', 'now')));
INSERT INTO `episodes` (`id`, `anime_id`, `episode_number`, `title`, `synopsis`, `duration_seconds`, `thumbnail_key`, `view_count`, `created_at`) VALUES ('ep-anime-mha-1', 'anime-mha', 1, 'Episode 1', 'Detailed synopsis for episode 1.', 1440, '/demo/demo-landscape.webp', 0, (strftime('%s', 'now')));
INSERT INTO `video_sources` (`id`, `episode_id`, `quality_id`, `format_id`, `url`, `file_key`, `is_primary`, `created_at`) VALUES ('src-ep-anime-mha-1-360p', 'ep-anime-mha-1', '360p', 'mp4', 'https://cdn.zenith.dyzulk.net.eu.org/anime/demo/episode/1/360p.mp4', 'demo/360p.mp4', 0, (strftime('%s', 'now')));
INSERT INTO `video_sources` (`id`, `episode_id`, `quality_id`, `format_id`, `url`, `file_key`, `is_primary`, `created_at`) VALUES ('src-ep-anime-mha-1-480p', 'ep-anime-mha-1', '480p', 'mp4', 'https://cdn.zenith.dyzulk.net.eu.org/anime/demo/episode/1/480p.mp4', 'demo/480p.mp4', 0, (strftime('%s', 'now')));
INSERT INTO `video_sources` (`id`, `episode_id`, `quality_id`, `format_id`, `url`, `file_key`, `is_primary`, `created_at`) VALUES ('src-ep-anime-mha-1-720p', 'ep-anime-mha-1', '720p', 'mp4', 'https://cdn.zenith.dyzulk.net.eu.org/anime/demo/episode/1/720p.mp4', 'demo/720p.mp4', 0, (strftime('%s', 'now')));
INSERT INTO `video_sources` (`id`, `episode_id`, `quality_id`, `format_id`, `url`, `file_key`, `is_primary`, `created_at`) VALUES ('src-ep-anime-mha-1-1080p', 'ep-anime-mha-1', '1080p', 'mp4', 'https://cdn.zenith.dyzulk.net.eu.org/anime/demo/episode/1/1080p.mp4', 'demo/1080p.mp4', 1, (strftime('%s', 'now')));
INSERT INTO `episodes` (`id`, `anime_id`, `episode_number`, `title`, `synopsis`, `duration_seconds`, `thumbnail_key`, `view_count`, `created_at`) VALUES ('ep-anime-mha-2', 'anime-mha', 2, 'Episode 2', 'Detailed synopsis for episode 2.', 1440, '/demo/demo-landscape.webp', 0, (strftime('%s', 'now')));
INSERT INTO `video_sources` (`id`, `episode_id`, `quality_id`, `format_id`, `url`, `file_key`, `is_primary`, `created_at`) VALUES ('src-ep-anime-mha-2-360p', 'ep-anime-mha-2', '360p', 'mp4', 'https://cdn.zenith.dyzulk.net.eu.org/anime/demo/episode/1/360p.mp4', 'demo/360p.mp4', 0, (strftime('%s', 'now')));
INSERT INTO `video_sources` (`id`, `episode_id`, `quality_id`, `format_id`, `url`, `file_key`, `is_primary`, `created_at`) VALUES ('src-ep-anime-mha-2-480p', 'ep-anime-mha-2', '480p', 'mp4', 'https://cdn.zenith.dyzulk.net.eu.org/anime/demo/episode/1/480p.mp4', 'demo/480p.mp4', 0, (strftime('%s', 'now')));
INSERT INTO `video_sources` (`id`, `episode_id`, `quality_id`, `format_id`, `url`, `file_key`, `is_primary`, `created_at`) VALUES ('src-ep-anime-mha-2-720p', 'ep-anime-mha-2', '720p', 'mp4', 'https://cdn.zenith.dyzulk.net.eu.org/anime/demo/episode/1/720p.mp4', 'demo/720p.mp4', 0, (strftime('%s', 'now')));
INSERT INTO `video_sources` (`id`, `episode_id`, `quality_id`, `format_id`, `url`, `file_key`, `is_primary`, `created_at`) VALUES ('src-ep-anime-mha-2-1080p', 'ep-anime-mha-2', '1080p', 'mp4', 'https://cdn.zenith.dyzulk.net.eu.org/anime/demo/episode/1/1080p.mp4', 'demo/1080p.mp4', 1, (strftime('%s', 'now')));
INSERT INTO `episodes` (`id`, `anime_id`, `episode_number`, `title`, `synopsis`, `duration_seconds`, `thumbnail_key`, `view_count`, `created_at`) VALUES ('ep-anime-mha-3', 'anime-mha', 3, 'Episode 3', 'Detailed synopsis for episode 3.', 1440, '/demo/demo-landscape.webp', 0, (strftime('%s', 'now')));
INSERT INTO `video_sources` (`id`, `episode_id`, `quality_id`, `format_id`, `url`, `file_key`, `is_primary`, `created_at`) VALUES ('src-ep-anime-mha-3-360p', 'ep-anime-mha-3', '360p', 'mp4', 'https://cdn.zenith.dyzulk.net.eu.org/anime/demo/episode/1/360p.mp4', 'demo/360p.mp4', 0, (strftime('%s', 'now')));
INSERT INTO `video_sources` (`id`, `episode_id`, `quality_id`, `format_id`, `url`, `file_key`, `is_primary`, `created_at`) VALUES ('src-ep-anime-mha-3-480p', 'ep-anime-mha-3', '480p', 'mp4', 'https://cdn.zenith.dyzulk.net.eu.org/anime/demo/episode/1/480p.mp4', 'demo/480p.mp4', 0, (strftime('%s', 'now')));
INSERT INTO `video_sources` (`id`, `episode_id`, `quality_id`, `format_id`, `url`, `file_key`, `is_primary`, `created_at`) VALUES ('src-ep-anime-mha-3-720p', 'ep-anime-mha-3', '720p', 'mp4', 'https://cdn.zenith.dyzulk.net.eu.org/anime/demo/episode/1/720p.mp4', 'demo/720p.mp4', 0, (strftime('%s', 'now')));
INSERT INTO `video_sources` (`id`, `episode_id`, `quality_id`, `format_id`, `url`, `file_key`, `is_primary`, `created_at`) VALUES ('src-ep-anime-mha-3-1080p', 'ep-anime-mha-3', '1080p', 'mp4', 'https://cdn.zenith.dyzulk.net.eu.org/anime/demo/episode/1/1080p.mp4', 'demo/1080p.mp4', 1, (strftime('%s', 'now')));
INSERT INTO `episodes` (`id`, `anime_id`, `episode_number`, `title`, `synopsis`, `duration_seconds`, `thumbnail_key`, `view_count`, `created_at`) VALUES ('ep-anime-mha-4', 'anime-mha', 4, 'Episode 4', 'Detailed synopsis for episode 4.', 1440, '/demo/demo-landscape.webp', 0, (strftime('%s', 'now')));
INSERT INTO `video_sources` (`id`, `episode_id`, `quality_id`, `format_id`, `url`, `file_key`, `is_primary`, `created_at`) VALUES ('src-ep-anime-mha-4-360p', 'ep-anime-mha-4', '360p', 'mp4', 'https://cdn.zenith.dyzulk.net.eu.org/anime/demo/episode/1/360p.mp4', 'demo/360p.mp4', 0, (strftime('%s', 'now')));
INSERT INTO `video_sources` (`id`, `episode_id`, `quality_id`, `format_id`, `url`, `file_key`, `is_primary`, `created_at`) VALUES ('src-ep-anime-mha-4-480p', 'ep-anime-mha-4', '480p', 'mp4', 'https://cdn.zenith.dyzulk.net.eu.org/anime/demo/episode/1/480p.mp4', 'demo/480p.mp4', 0, (strftime('%s', 'now')));
INSERT INTO `video_sources` (`id`, `episode_id`, `quality_id`, `format_id`, `url`, `file_key`, `is_primary`, `created_at`) VALUES ('src-ep-anime-mha-4-720p', 'ep-anime-mha-4', '720p', 'mp4', 'https://cdn.zenith.dyzulk.net.eu.org/anime/demo/episode/1/720p.mp4', 'demo/720p.mp4', 0, (strftime('%s', 'now')));
INSERT INTO `video_sources` (`id`, `episode_id`, `quality_id`, `format_id`, `url`, `file_key`, `is_primary`, `created_at`) VALUES ('src-ep-anime-mha-4-1080p', 'ep-anime-mha-4', '1080p', 'mp4', 'https://cdn.zenith.dyzulk.net.eu.org/anime/demo/episode/1/1080p.mp4', 'demo/1080p.mp4', 1, (strftime('%s', 'now')));
INSERT INTO `episodes` (`id`, `anime_id`, `episode_number`, `title`, `synopsis`, `duration_seconds`, `thumbnail_key`, `view_count`, `created_at`) VALUES ('ep-anime-mha-5', 'anime-mha', 5, 'Episode 5', 'Detailed synopsis for episode 5.', 1440, '/demo/demo-landscape.webp', 0, (strftime('%s', 'now')));
INSERT INTO `video_sources` (`id`, `episode_id`, `quality_id`, `format_id`, `url`, `file_key`, `is_primary`, `created_at`) VALUES ('src-ep-anime-mha-5-360p', 'ep-anime-mha-5', '360p', 'mp4', 'https://cdn.zenith.dyzulk.net.eu.org/anime/demo/episode/1/360p.mp4', 'demo/360p.mp4', 0, (strftime('%s', 'now')));
INSERT INTO `video_sources` (`id`, `episode_id`, `quality_id`, `format_id`, `url`, `file_key`, `is_primary`, `created_at`) VALUES ('src-ep-anime-mha-5-480p', 'ep-anime-mha-5', '480p', 'mp4', 'https://cdn.zenith.dyzulk.net.eu.org/anime/demo/episode/1/480p.mp4', 'demo/480p.mp4', 0, (strftime('%s', 'now')));
INSERT INTO `video_sources` (`id`, `episode_id`, `quality_id`, `format_id`, `url`, `file_key`, `is_primary`, `created_at`) VALUES ('src-ep-anime-mha-5-720p', 'ep-anime-mha-5', '720p', 'mp4', 'https://cdn.zenith.dyzulk.net.eu.org/anime/demo/episode/1/720p.mp4', 'demo/720p.mp4', 0, (strftime('%s', 'now')));
INSERT INTO `video_sources` (`id`, `episode_id`, `quality_id`, `format_id`, `url`, `file_key`, `is_primary`, `created_at`) VALUES ('src-ep-anime-mha-5-1080p', 'ep-anime-mha-5', '1080p', 'mp4', 'https://cdn.zenith.dyzulk.net.eu.org/anime/demo/episode/1/1080p.mp4', 'demo/1080p.mp4', 1, (strftime('%s', 'now')));
INSERT INTO `episodes` (`id`, `anime_id`, `episode_number`, `title`, `synopsis`, `duration_seconds`, `thumbnail_key`, `view_count`, `created_at`) VALUES ('ep-anime-mha-6', 'anime-mha', 6, 'Episode 6', 'Detailed synopsis for episode 6.', 1440, '/demo/demo-landscape.webp', 0, (strftime('%s', 'now')));
INSERT INTO `video_sources` (`id`, `episode_id`, `quality_id`, `format_id`, `url`, `file_key`, `is_primary`, `created_at`) VALUES ('src-ep-anime-mha-6-360p', 'ep-anime-mha-6', '360p', 'mp4', 'https://cdn.zenith.dyzulk.net.eu.org/anime/demo/episode/1/360p.mp4', 'demo/360p.mp4', 0, (strftime('%s', 'now')));
INSERT INTO `video_sources` (`id`, `episode_id`, `quality_id`, `format_id`, `url`, `file_key`, `is_primary`, `created_at`) VALUES ('src-ep-anime-mha-6-480p', 'ep-anime-mha-6', '480p', 'mp4', 'https://cdn.zenith.dyzulk.net.eu.org/anime/demo/episode/1/480p.mp4', 'demo/480p.mp4', 0, (strftime('%s', 'now')));
INSERT INTO `video_sources` (`id`, `episode_id`, `quality_id`, `format_id`, `url`, `file_key`, `is_primary`, `created_at`) VALUES ('src-ep-anime-mha-6-720p', 'ep-anime-mha-6', '720p', 'mp4', 'https://cdn.zenith.dyzulk.net.eu.org/anime/demo/episode/1/720p.mp4', 'demo/720p.mp4', 0, (strftime('%s', 'now')));
INSERT INTO `video_sources` (`id`, `episode_id`, `quality_id`, `format_id`, `url`, `file_key`, `is_primary`, `created_at`) VALUES ('src-ep-anime-mha-6-1080p', 'ep-anime-mha-6', '1080p', 'mp4', 'https://cdn.zenith.dyzulk.net.eu.org/anime/demo/episode/1/1080p.mp4', 'demo/1080p.mp4', 1, (strftime('%s', 'now')));
INSERT INTO `episodes` (`id`, `anime_id`, `episode_number`, `title`, `synopsis`, `duration_seconds`, `thumbnail_key`, `view_count`, `created_at`) VALUES ('ep-anime-mha-7', 'anime-mha', 7, 'Episode 7', 'Detailed synopsis for episode 7.', 1440, '/demo/demo-landscape.webp', 0, (strftime('%s', 'now')));
INSERT INTO `video_sources` (`id`, `episode_id`, `quality_id`, `format_id`, `url`, `file_key`, `is_primary`, `created_at`) VALUES ('src-ep-anime-mha-7-360p', 'ep-anime-mha-7', '360p', 'mp4', 'https://cdn.zenith.dyzulk.net.eu.org/anime/demo/episode/1/360p.mp4', 'demo/360p.mp4', 0, (strftime('%s', 'now')));
INSERT INTO `video_sources` (`id`, `episode_id`, `quality_id`, `format_id`, `url`, `file_key`, `is_primary`, `created_at`) VALUES ('src-ep-anime-mha-7-480p', 'ep-anime-mha-7', '480p', 'mp4', 'https://cdn.zenith.dyzulk.net.eu.org/anime/demo/episode/1/480p.mp4', 'demo/480p.mp4', 0, (strftime('%s', 'now')));
INSERT INTO `video_sources` (`id`, `episode_id`, `quality_id`, `format_id`, `url`, `file_key`, `is_primary`, `created_at`) VALUES ('src-ep-anime-mha-7-720p', 'ep-anime-mha-7', '720p', 'mp4', 'https://cdn.zenith.dyzulk.net.eu.org/anime/demo/episode/1/720p.mp4', 'demo/720p.mp4', 0, (strftime('%s', 'now')));
INSERT INTO `video_sources` (`id`, `episode_id`, `quality_id`, `format_id`, `url`, `file_key`, `is_primary`, `created_at`) VALUES ('src-ep-anime-mha-7-1080p', 'ep-anime-mha-7', '1080p', 'mp4', 'https://cdn.zenith.dyzulk.net.eu.org/anime/demo/episode/1/1080p.mp4', 'demo/1080p.mp4', 1, (strftime('%s', 'now')));
INSERT INTO `episodes` (`id`, `anime_id`, `episode_number`, `title`, `synopsis`, `duration_seconds`, `thumbnail_key`, `view_count`, `created_at`) VALUES ('ep-anime-mha-8', 'anime-mha', 8, 'Episode 8', 'Detailed synopsis for episode 8.', 1440, '/demo/demo-landscape.webp', 0, (strftime('%s', 'now')));
INSERT INTO `video_sources` (`id`, `episode_id`, `quality_id`, `format_id`, `url`, `file_key`, `is_primary`, `created_at`) VALUES ('src-ep-anime-mha-8-360p', 'ep-anime-mha-8', '360p', 'mp4', 'https://cdn.zenith.dyzulk.net.eu.org/anime/demo/episode/1/360p.mp4', 'demo/360p.mp4', 0, (strftime('%s', 'now')));
INSERT INTO `video_sources` (`id`, `episode_id`, `quality_id`, `format_id`, `url`, `file_key`, `is_primary`, `created_at`) VALUES ('src-ep-anime-mha-8-480p', 'ep-anime-mha-8', '480p', 'mp4', 'https://cdn.zenith.dyzulk.net.eu.org/anime/demo/episode/1/480p.mp4', 'demo/480p.mp4', 0, (strftime('%s', 'now')));
INSERT INTO `video_sources` (`id`, `episode_id`, `quality_id`, `format_id`, `url`, `file_key`, `is_primary`, `created_at`) VALUES ('src-ep-anime-mha-8-720p', 'ep-anime-mha-8', '720p', 'mp4', 'https://cdn.zenith.dyzulk.net.eu.org/anime/demo/episode/1/720p.mp4', 'demo/720p.mp4', 0, (strftime('%s', 'now')));
INSERT INTO `video_sources` (`id`, `episode_id`, `quality_id`, `format_id`, `url`, `file_key`, `is_primary`, `created_at`) VALUES ('src-ep-anime-mha-8-1080p', 'ep-anime-mha-8', '1080p', 'mp4', 'https://cdn.zenith.dyzulk.net.eu.org/anime/demo/episode/1/1080p.mp4', 'demo/1080p.mp4', 1, (strftime('%s', 'now')));
INSERT INTO `episodes` (`id`, `anime_id`, `episode_number`, `title`, `synopsis`, `duration_seconds`, `thumbnail_key`, `view_count`, `created_at`) VALUES ('ep-anime-mha-9', 'anime-mha', 9, 'Episode 9', 'Detailed synopsis for episode 9.', 1440, '/demo/demo-landscape.webp', 0, (strftime('%s', 'now')));
INSERT INTO `video_sources` (`id`, `episode_id`, `quality_id`, `format_id`, `url`, `file_key`, `is_primary`, `created_at`) VALUES ('src-ep-anime-mha-9-360p', 'ep-anime-mha-9', '360p', 'mp4', 'https://cdn.zenith.dyzulk.net.eu.org/anime/demo/episode/1/360p.mp4', 'demo/360p.mp4', 0, (strftime('%s', 'now')));
INSERT INTO `video_sources` (`id`, `episode_id`, `quality_id`, `format_id`, `url`, `file_key`, `is_primary`, `created_at`) VALUES ('src-ep-anime-mha-9-480p', 'ep-anime-mha-9', '480p', 'mp4', 'https://cdn.zenith.dyzulk.net.eu.org/anime/demo/episode/1/480p.mp4', 'demo/480p.mp4', 0, (strftime('%s', 'now')));
INSERT INTO `video_sources` (`id`, `episode_id`, `quality_id`, `format_id`, `url`, `file_key`, `is_primary`, `created_at`) VALUES ('src-ep-anime-mha-9-720p', 'ep-anime-mha-9', '720p', 'mp4', 'https://cdn.zenith.dyzulk.net.eu.org/anime/demo/episode/1/720p.mp4', 'demo/720p.mp4', 0, (strftime('%s', 'now')));
INSERT INTO `video_sources` (`id`, `episode_id`, `quality_id`, `format_id`, `url`, `file_key`, `is_primary`, `created_at`) VALUES ('src-ep-anime-mha-9-1080p', 'ep-anime-mha-9', '1080p', 'mp4', 'https://cdn.zenith.dyzulk.net.eu.org/anime/demo/episode/1/1080p.mp4', 'demo/1080p.mp4', 1, (strftime('%s', 'now')));
INSERT INTO `episodes` (`id`, `anime_id`, `episode_number`, `title`, `synopsis`, `duration_seconds`, `thumbnail_key`, `view_count`, `created_at`) VALUES ('ep-anime-mha-10', 'anime-mha', 10, 'Episode 10', 'Detailed synopsis for episode 10.', 1440, '/demo/demo-landscape.webp', 0, (strftime('%s', 'now')));
INSERT INTO `video_sources` (`id`, `episode_id`, `quality_id`, `format_id`, `url`, `file_key`, `is_primary`, `created_at`) VALUES ('src-ep-anime-mha-10-360p', 'ep-anime-mha-10', '360p', 'mp4', 'https://cdn.zenith.dyzulk.net.eu.org/anime/demo/episode/1/360p.mp4', 'demo/360p.mp4', 0, (strftime('%s', 'now')));
INSERT INTO `video_sources` (`id`, `episode_id`, `quality_id`, `format_id`, `url`, `file_key`, `is_primary`, `created_at`) VALUES ('src-ep-anime-mha-10-480p', 'ep-anime-mha-10', '480p', 'mp4', 'https://cdn.zenith.dyzulk.net.eu.org/anime/demo/episode/1/480p.mp4', 'demo/480p.mp4', 0, (strftime('%s', 'now')));
INSERT INTO `video_sources` (`id`, `episode_id`, `quality_id`, `format_id`, `url`, `file_key`, `is_primary`, `created_at`) VALUES ('src-ep-anime-mha-10-720p', 'ep-anime-mha-10', '720p', 'mp4', 'https://cdn.zenith.dyzulk.net.eu.org/anime/demo/episode/1/720p.mp4', 'demo/720p.mp4', 0, (strftime('%s', 'now')));
INSERT INTO `video_sources` (`id`, `episode_id`, `quality_id`, `format_id`, `url`, `file_key`, `is_primary`, `created_at`) VALUES ('src-ep-anime-mha-10-1080p', 'ep-anime-mha-10', '1080p', 'mp4', 'https://cdn.zenith.dyzulk.net.eu.org/anime/demo/episode/1/1080p.mp4', 'demo/1080p.mp4', 1, (strftime('%s', 'now')));
INSERT INTO `episodes` (`id`, `anime_id`, `episode_number`, `title`, `synopsis`, `duration_seconds`, `thumbnail_key`, `view_count`, `created_at`) VALUES ('ep-anime-mha-11', 'anime-mha', 11, 'Episode 11', 'Detailed synopsis for episode 11.', 1440, '/demo/demo-landscape.webp', 0, (strftime('%s', 'now')));
INSERT INTO `video_sources` (`id`, `episode_id`, `quality_id`, `format_id`, `url`, `file_key`, `is_primary`, `created_at`) VALUES ('src-ep-anime-mha-11-360p', 'ep-anime-mha-11', '360p', 'mp4', 'https://cdn.zenith.dyzulk.net.eu.org/anime/demo/episode/1/360p.mp4', 'demo/360p.mp4', 0, (strftime('%s', 'now')));
INSERT INTO `video_sources` (`id`, `episode_id`, `quality_id`, `format_id`, `url`, `file_key`, `is_primary`, `created_at`) VALUES ('src-ep-anime-mha-11-480p', 'ep-anime-mha-11', '480p', 'mp4', 'https://cdn.zenith.dyzulk.net.eu.org/anime/demo/episode/1/480p.mp4', 'demo/480p.mp4', 0, (strftime('%s', 'now')));
INSERT INTO `video_sources` (`id`, `episode_id`, `quality_id`, `format_id`, `url`, `file_key`, `is_primary`, `created_at`) VALUES ('src-ep-anime-mha-11-720p', 'ep-anime-mha-11', '720p', 'mp4', 'https://cdn.zenith.dyzulk.net.eu.org/anime/demo/episode/1/720p.mp4', 'demo/720p.mp4', 0, (strftime('%s', 'now')));
INSERT INTO `video_sources` (`id`, `episode_id`, `quality_id`, `format_id`, `url`, `file_key`, `is_primary`, `created_at`) VALUES ('src-ep-anime-mha-11-1080p', 'ep-anime-mha-11', '1080p', 'mp4', 'https://cdn.zenith.dyzulk.net.eu.org/anime/demo/episode/1/1080p.mp4', 'demo/1080p.mp4', 1, (strftime('%s', 'now')));
INSERT INTO `episodes` (`id`, `anime_id`, `episode_number`, `title`, `synopsis`, `duration_seconds`, `thumbnail_key`, `view_count`, `created_at`) VALUES ('ep-anime-mha-12', 'anime-mha', 12, 'Episode 12', 'Detailed synopsis for episode 12.', 1440, '/demo/demo-landscape.webp', 0, (strftime('%s', 'now')));
INSERT INTO `video_sources` (`id`, `episode_id`, `quality_id`, `format_id`, `url`, `file_key`, `is_primary`, `created_at`) VALUES ('src-ep-anime-mha-12-360p', 'ep-anime-mha-12', '360p', 'mp4', 'https://cdn.zenith.dyzulk.net.eu.org/anime/demo/episode/1/360p.mp4', 'demo/360p.mp4', 0, (strftime('%s', 'now')));
INSERT INTO `video_sources` (`id`, `episode_id`, `quality_id`, `format_id`, `url`, `file_key`, `is_primary`, `created_at`) VALUES ('src-ep-anime-mha-12-480p', 'ep-anime-mha-12', '480p', 'mp4', 'https://cdn.zenith.dyzulk.net.eu.org/anime/demo/episode/1/480p.mp4', 'demo/480p.mp4', 0, (strftime('%s', 'now')));
INSERT INTO `video_sources` (`id`, `episode_id`, `quality_id`, `format_id`, `url`, `file_key`, `is_primary`, `created_at`) VALUES ('src-ep-anime-mha-12-720p', 'ep-anime-mha-12', '720p', 'mp4', 'https://cdn.zenith.dyzulk.net.eu.org/anime/demo/episode/1/720p.mp4', 'demo/720p.mp4', 0, (strftime('%s', 'now')));
INSERT INTO `video_sources` (`id`, `episode_id`, `quality_id`, `format_id`, `url`, `file_key`, `is_primary`, `created_at`) VALUES ('src-ep-anime-mha-12-1080p', 'ep-anime-mha-12', '1080p', 'mp4', 'https://cdn.zenith.dyzulk.net.eu.org/anime/demo/episode/1/1080p.mp4', 'demo/1080p.mp4', 1, (strftime('%s', 'now')));
INSERT INTO `episodes` (`id`, `anime_id`, `episode_number`, `title`, `synopsis`, `duration_seconds`, `thumbnail_key`, `view_count`, `created_at`) VALUES ('ep-anime-haikyu-1', 'anime-haikyu', 1, 'Episode 1', 'Detailed synopsis for episode 1.', 1440, '/demo/demo-landscape.webp', 0, (strftime('%s', 'now')));
INSERT INTO `video_sources` (`id`, `episode_id`, `quality_id`, `format_id`, `url`, `file_key`, `is_primary`, `created_at`) VALUES ('src-ep-anime-haikyu-1-360p', 'ep-anime-haikyu-1', '360p', 'mp4', 'https://cdn.zenith.dyzulk.net.eu.org/anime/demo/episode/1/360p.mp4', 'demo/360p.mp4', 0, (strftime('%s', 'now')));
INSERT INTO `video_sources` (`id`, `episode_id`, `quality_id`, `format_id`, `url`, `file_key`, `is_primary`, `created_at`) VALUES ('src-ep-anime-haikyu-1-480p', 'ep-anime-haikyu-1', '480p', 'mp4', 'https://cdn.zenith.dyzulk.net.eu.org/anime/demo/episode/1/480p.mp4', 'demo/480p.mp4', 0, (strftime('%s', 'now')));
INSERT INTO `video_sources` (`id`, `episode_id`, `quality_id`, `format_id`, `url`, `file_key`, `is_primary`, `created_at`) VALUES ('src-ep-anime-haikyu-1-720p', 'ep-anime-haikyu-1', '720p', 'mp4', 'https://cdn.zenith.dyzulk.net.eu.org/anime/demo/episode/1/720p.mp4', 'demo/720p.mp4', 0, (strftime('%s', 'now')));
INSERT INTO `video_sources` (`id`, `episode_id`, `quality_id`, `format_id`, `url`, `file_key`, `is_primary`, `created_at`) VALUES ('src-ep-anime-haikyu-1-1080p', 'ep-anime-haikyu-1', '1080p', 'mp4', 'https://cdn.zenith.dyzulk.net.eu.org/anime/demo/episode/1/1080p.mp4', 'demo/1080p.mp4', 1, (strftime('%s', 'now')));
INSERT INTO `episodes` (`id`, `anime_id`, `episode_number`, `title`, `synopsis`, `duration_seconds`, `thumbnail_key`, `view_count`, `created_at`) VALUES ('ep-anime-haikyu-2', 'anime-haikyu', 2, 'Episode 2', 'Detailed synopsis for episode 2.', 1440, '/demo/demo-landscape.webp', 0, (strftime('%s', 'now')));
INSERT INTO `video_sources` (`id`, `episode_id`, `quality_id`, `format_id`, `url`, `file_key`, `is_primary`, `created_at`) VALUES ('src-ep-anime-haikyu-2-360p', 'ep-anime-haikyu-2', '360p', 'mp4', 'https://cdn.zenith.dyzulk.net.eu.org/anime/demo/episode/1/360p.mp4', 'demo/360p.mp4', 0, (strftime('%s', 'now')));
INSERT INTO `video_sources` (`id`, `episode_id`, `quality_id`, `format_id`, `url`, `file_key`, `is_primary`, `created_at`) VALUES ('src-ep-anime-haikyu-2-480p', 'ep-anime-haikyu-2', '480p', 'mp4', 'https://cdn.zenith.dyzulk.net.eu.org/anime/demo/episode/1/480p.mp4', 'demo/480p.mp4', 0, (strftime('%s', 'now')));
INSERT INTO `video_sources` (`id`, `episode_id`, `quality_id`, `format_id`, `url`, `file_key`, `is_primary`, `created_at`) VALUES ('src-ep-anime-haikyu-2-720p', 'ep-anime-haikyu-2', '720p', 'mp4', 'https://cdn.zenith.dyzulk.net.eu.org/anime/demo/episode/1/720p.mp4', 'demo/720p.mp4', 0, (strftime('%s', 'now')));
INSERT INTO `video_sources` (`id`, `episode_id`, `quality_id`, `format_id`, `url`, `file_key`, `is_primary`, `created_at`) VALUES ('src-ep-anime-haikyu-2-1080p', 'ep-anime-haikyu-2', '1080p', 'mp4', 'https://cdn.zenith.dyzulk.net.eu.org/anime/demo/episode/1/1080p.mp4', 'demo/1080p.mp4', 1, (strftime('%s', 'now')));
INSERT INTO `episodes` (`id`, `anime_id`, `episode_number`, `title`, `synopsis`, `duration_seconds`, `thumbnail_key`, `view_count`, `created_at`) VALUES ('ep-anime-haikyu-3', 'anime-haikyu', 3, 'Episode 3', 'Detailed synopsis for episode 3.', 1440, '/demo/demo-landscape.webp', 0, (strftime('%s', 'now')));
INSERT INTO `video_sources` (`id`, `episode_id`, `quality_id`, `format_id`, `url`, `file_key`, `is_primary`, `created_at`) VALUES ('src-ep-anime-haikyu-3-360p', 'ep-anime-haikyu-3', '360p', 'mp4', 'https://cdn.zenith.dyzulk.net.eu.org/anime/demo/episode/1/360p.mp4', 'demo/360p.mp4', 0, (strftime('%s', 'now')));
INSERT INTO `video_sources` (`id`, `episode_id`, `quality_id`, `format_id`, `url`, `file_key`, `is_primary`, `created_at`) VALUES ('src-ep-anime-haikyu-3-480p', 'ep-anime-haikyu-3', '480p', 'mp4', 'https://cdn.zenith.dyzulk.net.eu.org/anime/demo/episode/1/480p.mp4', 'demo/480p.mp4', 0, (strftime('%s', 'now')));
INSERT INTO `video_sources` (`id`, `episode_id`, `quality_id`, `format_id`, `url`, `file_key`, `is_primary`, `created_at`) VALUES ('src-ep-anime-haikyu-3-720p', 'ep-anime-haikyu-3', '720p', 'mp4', 'https://cdn.zenith.dyzulk.net.eu.org/anime/demo/episode/1/720p.mp4', 'demo/720p.mp4', 0, (strftime('%s', 'now')));
INSERT INTO `video_sources` (`id`, `episode_id`, `quality_id`, `format_id`, `url`, `file_key`, `is_primary`, `created_at`) VALUES ('src-ep-anime-haikyu-3-1080p', 'ep-anime-haikyu-3', '1080p', 'mp4', 'https://cdn.zenith.dyzulk.net.eu.org/anime/demo/episode/1/1080p.mp4', 'demo/1080p.mp4', 1, (strftime('%s', 'now')));
INSERT INTO `episodes` (`id`, `anime_id`, `episode_number`, `title`, `synopsis`, `duration_seconds`, `thumbnail_key`, `view_count`, `created_at`) VALUES ('ep-anime-haikyu-4', 'anime-haikyu', 4, 'Episode 4', 'Detailed synopsis for episode 4.', 1440, '/demo/demo-landscape.webp', 0, (strftime('%s', 'now')));
INSERT INTO `video_sources` (`id`, `episode_id`, `quality_id`, `format_id`, `url`, `file_key`, `is_primary`, `created_at`) VALUES ('src-ep-anime-haikyu-4-360p', 'ep-anime-haikyu-4', '360p', 'mp4', 'https://cdn.zenith.dyzulk.net.eu.org/anime/demo/episode/1/360p.mp4', 'demo/360p.mp4', 0, (strftime('%s', 'now')));
INSERT INTO `video_sources` (`id`, `episode_id`, `quality_id`, `format_id`, `url`, `file_key`, `is_primary`, `created_at`) VALUES ('src-ep-anime-haikyu-4-480p', 'ep-anime-haikyu-4', '480p', 'mp4', 'https://cdn.zenith.dyzulk.net.eu.org/anime/demo/episode/1/480p.mp4', 'demo/480p.mp4', 0, (strftime('%s', 'now')));
INSERT INTO `video_sources` (`id`, `episode_id`, `quality_id`, `format_id`, `url`, `file_key`, `is_primary`, `created_at`) VALUES ('src-ep-anime-haikyu-4-720p', 'ep-anime-haikyu-4', '720p', 'mp4', 'https://cdn.zenith.dyzulk.net.eu.org/anime/demo/episode/1/720p.mp4', 'demo/720p.mp4', 0, (strftime('%s', 'now')));
INSERT INTO `video_sources` (`id`, `episode_id`, `quality_id`, `format_id`, `url`, `file_key`, `is_primary`, `created_at`) VALUES ('src-ep-anime-haikyu-4-1080p', 'ep-anime-haikyu-4', '1080p', 'mp4', 'https://cdn.zenith.dyzulk.net.eu.org/anime/demo/episode/1/1080p.mp4', 'demo/1080p.mp4', 1, (strftime('%s', 'now')));
INSERT INTO `episodes` (`id`, `anime_id`, `episode_number`, `title`, `synopsis`, `duration_seconds`, `thumbnail_key`, `view_count`, `created_at`) VALUES ('ep-anime-haikyu-5', 'anime-haikyu', 5, 'Episode 5', 'Detailed synopsis for episode 5.', 1440, '/demo/demo-landscape.webp', 0, (strftime('%s', 'now')));
INSERT INTO `video_sources` (`id`, `episode_id`, `quality_id`, `format_id`, `url`, `file_key`, `is_primary`, `created_at`) VALUES ('src-ep-anime-haikyu-5-360p', 'ep-anime-haikyu-5', '360p', 'mp4', 'https://cdn.zenith.dyzulk.net.eu.org/anime/demo/episode/1/360p.mp4', 'demo/360p.mp4', 0, (strftime('%s', 'now')));
INSERT INTO `video_sources` (`id`, `episode_id`, `quality_id`, `format_id`, `url`, `file_key`, `is_primary`, `created_at`) VALUES ('src-ep-anime-haikyu-5-480p', 'ep-anime-haikyu-5', '480p', 'mp4', 'https://cdn.zenith.dyzulk.net.eu.org/anime/demo/episode/1/480p.mp4', 'demo/480p.mp4', 0, (strftime('%s', 'now')));
INSERT INTO `video_sources` (`id`, `episode_id`, `quality_id`, `format_id`, `url`, `file_key`, `is_primary`, `created_at`) VALUES ('src-ep-anime-haikyu-5-720p', 'ep-anime-haikyu-5', '720p', 'mp4', 'https://cdn.zenith.dyzulk.net.eu.org/anime/demo/episode/1/720p.mp4', 'demo/720p.mp4', 0, (strftime('%s', 'now')));
INSERT INTO `video_sources` (`id`, `episode_id`, `quality_id`, `format_id`, `url`, `file_key`, `is_primary`, `created_at`) VALUES ('src-ep-anime-haikyu-5-1080p', 'ep-anime-haikyu-5', '1080p', 'mp4', 'https://cdn.zenith.dyzulk.net.eu.org/anime/demo/episode/1/1080p.mp4', 'demo/1080p.mp4', 1, (strftime('%s', 'now')));
INSERT INTO `episodes` (`id`, `anime_id`, `episode_number`, `title`, `synopsis`, `duration_seconds`, `thumbnail_key`, `view_count`, `created_at`) VALUES ('ep-anime-haikyu-6', 'anime-haikyu', 6, 'Episode 6', 'Detailed synopsis for episode 6.', 1440, '/demo/demo-landscape.webp', 0, (strftime('%s', 'now')));
INSERT INTO `video_sources` (`id`, `episode_id`, `quality_id`, `format_id`, `url`, `file_key`, `is_primary`, `created_at`) VALUES ('src-ep-anime-haikyu-6-360p', 'ep-anime-haikyu-6', '360p', 'mp4', 'https://cdn.zenith.dyzulk.net.eu.org/anime/demo/episode/1/360p.mp4', 'demo/360p.mp4', 0, (strftime('%s', 'now')));
INSERT INTO `video_sources` (`id`, `episode_id`, `quality_id`, `format_id`, `url`, `file_key`, `is_primary`, `created_at`) VALUES ('src-ep-anime-haikyu-6-480p', 'ep-anime-haikyu-6', '480p', 'mp4', 'https://cdn.zenith.dyzulk.net.eu.org/anime/demo/episode/1/480p.mp4', 'demo/480p.mp4', 0, (strftime('%s', 'now')));
INSERT INTO `video_sources` (`id`, `episode_id`, `quality_id`, `format_id`, `url`, `file_key`, `is_primary`, `created_at`) VALUES ('src-ep-anime-haikyu-6-720p', 'ep-anime-haikyu-6', '720p', 'mp4', 'https://cdn.zenith.dyzulk.net.eu.org/anime/demo/episode/1/720p.mp4', 'demo/720p.mp4', 0, (strftime('%s', 'now')));
INSERT INTO `video_sources` (`id`, `episode_id`, `quality_id`, `format_id`, `url`, `file_key`, `is_primary`, `created_at`) VALUES ('src-ep-anime-haikyu-6-1080p', 'ep-anime-haikyu-6', '1080p', 'mp4', 'https://cdn.zenith.dyzulk.net.eu.org/anime/demo/episode/1/1080p.mp4', 'demo/1080p.mp4', 1, (strftime('%s', 'now')));
INSERT INTO `episodes` (`id`, `anime_id`, `episode_number`, `title`, `synopsis`, `duration_seconds`, `thumbnail_key`, `view_count`, `created_at`) VALUES ('ep-anime-haikyu-7', 'anime-haikyu', 7, 'Episode 7', 'Detailed synopsis for episode 7.', 1440, '/demo/demo-landscape.webp', 0, (strftime('%s', 'now')));
INSERT INTO `video_sources` (`id`, `episode_id`, `quality_id`, `format_id`, `url`, `file_key`, `is_primary`, `created_at`) VALUES ('src-ep-anime-haikyu-7-360p', 'ep-anime-haikyu-7', '360p', 'mp4', 'https://cdn.zenith.dyzulk.net.eu.org/anime/demo/episode/1/360p.mp4', 'demo/360p.mp4', 0, (strftime('%s', 'now')));
INSERT INTO `video_sources` (`id`, `episode_id`, `quality_id`, `format_id`, `url`, `file_key`, `is_primary`, `created_at`) VALUES ('src-ep-anime-haikyu-7-480p', 'ep-anime-haikyu-7', '480p', 'mp4', 'https://cdn.zenith.dyzulk.net.eu.org/anime/demo/episode/1/480p.mp4', 'demo/480p.mp4', 0, (strftime('%s', 'now')));
INSERT INTO `video_sources` (`id`, `episode_id`, `quality_id`, `format_id`, `url`, `file_key`, `is_primary`, `created_at`) VALUES ('src-ep-anime-haikyu-7-720p', 'ep-anime-haikyu-7', '720p', 'mp4', 'https://cdn.zenith.dyzulk.net.eu.org/anime/demo/episode/1/720p.mp4', 'demo/720p.mp4', 0, (strftime('%s', 'now')));
INSERT INTO `video_sources` (`id`, `episode_id`, `quality_id`, `format_id`, `url`, `file_key`, `is_primary`, `created_at`) VALUES ('src-ep-anime-haikyu-7-1080p', 'ep-anime-haikyu-7', '1080p', 'mp4', 'https://cdn.zenith.dyzulk.net.eu.org/anime/demo/episode/1/1080p.mp4', 'demo/1080p.mp4', 1, (strftime('%s', 'now')));
INSERT INTO `episodes` (`id`, `anime_id`, `episode_number`, `title`, `synopsis`, `duration_seconds`, `thumbnail_key`, `view_count`, `created_at`) VALUES ('ep-anime-haikyu-8', 'anime-haikyu', 8, 'Episode 8', 'Detailed synopsis for episode 8.', 1440, '/demo/demo-landscape.webp', 0, (strftime('%s', 'now')));
INSERT INTO `video_sources` (`id`, `episode_id`, `quality_id`, `format_id`, `url`, `file_key`, `is_primary`, `created_at`) VALUES ('src-ep-anime-haikyu-8-360p', 'ep-anime-haikyu-8', '360p', 'mp4', 'https://cdn.zenith.dyzulk.net.eu.org/anime/demo/episode/1/360p.mp4', 'demo/360p.mp4', 0, (strftime('%s', 'now')));
INSERT INTO `video_sources` (`id`, `episode_id`, `quality_id`, `format_id`, `url`, `file_key`, `is_primary`, `created_at`) VALUES ('src-ep-anime-haikyu-8-480p', 'ep-anime-haikyu-8', '480p', 'mp4', 'https://cdn.zenith.dyzulk.net.eu.org/anime/demo/episode/1/480p.mp4', 'demo/480p.mp4', 0, (strftime('%s', 'now')));
INSERT INTO `video_sources` (`id`, `episode_id`, `quality_id`, `format_id`, `url`, `file_key`, `is_primary`, `created_at`) VALUES ('src-ep-anime-haikyu-8-720p', 'ep-anime-haikyu-8', '720p', 'mp4', 'https://cdn.zenith.dyzulk.net.eu.org/anime/demo/episode/1/720p.mp4', 'demo/720p.mp4', 0, (strftime('%s', 'now')));
INSERT INTO `video_sources` (`id`, `episode_id`, `quality_id`, `format_id`, `url`, `file_key`, `is_primary`, `created_at`) VALUES ('src-ep-anime-haikyu-8-1080p', 'ep-anime-haikyu-8', '1080p', 'mp4', 'https://cdn.zenith.dyzulk.net.eu.org/anime/demo/episode/1/1080p.mp4', 'demo/1080p.mp4', 1, (strftime('%s', 'now')));
INSERT INTO `episodes` (`id`, `anime_id`, `episode_number`, `title`, `synopsis`, `duration_seconds`, `thumbnail_key`, `view_count`, `created_at`) VALUES ('ep-anime-haikyu-9', 'anime-haikyu', 9, 'Episode 9', 'Detailed synopsis for episode 9.', 1440, '/demo/demo-landscape.webp', 0, (strftime('%s', 'now')));
INSERT INTO `video_sources` (`id`, `episode_id`, `quality_id`, `format_id`, `url`, `file_key`, `is_primary`, `created_at`) VALUES ('src-ep-anime-haikyu-9-360p', 'ep-anime-haikyu-9', '360p', 'mp4', 'https://cdn.zenith.dyzulk.net.eu.org/anime/demo/episode/1/360p.mp4', 'demo/360p.mp4', 0, (strftime('%s', 'now')));
INSERT INTO `video_sources` (`id`, `episode_id`, `quality_id`, `format_id`, `url`, `file_key`, `is_primary`, `created_at`) VALUES ('src-ep-anime-haikyu-9-480p', 'ep-anime-haikyu-9', '480p', 'mp4', 'https://cdn.zenith.dyzulk.net.eu.org/anime/demo/episode/1/480p.mp4', 'demo/480p.mp4', 0, (strftime('%s', 'now')));
INSERT INTO `video_sources` (`id`, `episode_id`, `quality_id`, `format_id`, `url`, `file_key`, `is_primary`, `created_at`) VALUES ('src-ep-anime-haikyu-9-720p', 'ep-anime-haikyu-9', '720p', 'mp4', 'https://cdn.zenith.dyzulk.net.eu.org/anime/demo/episode/1/720p.mp4', 'demo/720p.mp4', 0, (strftime('%s', 'now')));
INSERT INTO `video_sources` (`id`, `episode_id`, `quality_id`, `format_id`, `url`, `file_key`, `is_primary`, `created_at`) VALUES ('src-ep-anime-haikyu-9-1080p', 'ep-anime-haikyu-9', '1080p', 'mp4', 'https://cdn.zenith.dyzulk.net.eu.org/anime/demo/episode/1/1080p.mp4', 'demo/1080p.mp4', 1, (strftime('%s', 'now')));
INSERT INTO `episodes` (`id`, `anime_id`, `episode_number`, `title`, `synopsis`, `duration_seconds`, `thumbnail_key`, `view_count`, `created_at`) VALUES ('ep-anime-haikyu-10', 'anime-haikyu', 10, 'Episode 10', 'Detailed synopsis for episode 10.', 1440, '/demo/demo-landscape.webp', 0, (strftime('%s', 'now')));
INSERT INTO `video_sources` (`id`, `episode_id`, `quality_id`, `format_id`, `url`, `file_key`, `is_primary`, `created_at`) VALUES ('src-ep-anime-haikyu-10-360p', 'ep-anime-haikyu-10', '360p', 'mp4', 'https://cdn.zenith.dyzulk.net.eu.org/anime/demo/episode/1/360p.mp4', 'demo/360p.mp4', 0, (strftime('%s', 'now')));
INSERT INTO `video_sources` (`id`, `episode_id`, `quality_id`, `format_id`, `url`, `file_key`, `is_primary`, `created_at`) VALUES ('src-ep-anime-haikyu-10-480p', 'ep-anime-haikyu-10', '480p', 'mp4', 'https://cdn.zenith.dyzulk.net.eu.org/anime/demo/episode/1/480p.mp4', 'demo/480p.mp4', 0, (strftime('%s', 'now')));
INSERT INTO `video_sources` (`id`, `episode_id`, `quality_id`, `format_id`, `url`, `file_key`, `is_primary`, `created_at`) VALUES ('src-ep-anime-haikyu-10-720p', 'ep-anime-haikyu-10', '720p', 'mp4', 'https://cdn.zenith.dyzulk.net.eu.org/anime/demo/episode/1/720p.mp4', 'demo/720p.mp4', 0, (strftime('%s', 'now')));
INSERT INTO `video_sources` (`id`, `episode_id`, `quality_id`, `format_id`, `url`, `file_key`, `is_primary`, `created_at`) VALUES ('src-ep-anime-haikyu-10-1080p', 'ep-anime-haikyu-10', '1080p', 'mp4', 'https://cdn.zenith.dyzulk.net.eu.org/anime/demo/episode/1/1080p.mp4', 'demo/1080p.mp4', 1, (strftime('%s', 'now')));
INSERT INTO `episodes` (`id`, `anime_id`, `episode_number`, `title`, `synopsis`, `duration_seconds`, `thumbnail_key`, `view_count`, `created_at`) VALUES ('ep-anime-haikyu-11', 'anime-haikyu', 11, 'Episode 11', 'Detailed synopsis for episode 11.', 1440, '/demo/demo-landscape.webp', 0, (strftime('%s', 'now')));
INSERT INTO `video_sources` (`id`, `episode_id`, `quality_id`, `format_id`, `url`, `file_key`, `is_primary`, `created_at`) VALUES ('src-ep-anime-haikyu-11-360p', 'ep-anime-haikyu-11', '360p', 'mp4', 'https://cdn.zenith.dyzulk.net.eu.org/anime/demo/episode/1/360p.mp4', 'demo/360p.mp4', 0, (strftime('%s', 'now')));
INSERT INTO `video_sources` (`id`, `episode_id`, `quality_id`, `format_id`, `url`, `file_key`, `is_primary`, `created_at`) VALUES ('src-ep-anime-haikyu-11-480p', 'ep-anime-haikyu-11', '480p', 'mp4', 'https://cdn.zenith.dyzulk.net.eu.org/anime/demo/episode/1/480p.mp4', 'demo/480p.mp4', 0, (strftime('%s', 'now')));
INSERT INTO `video_sources` (`id`, `episode_id`, `quality_id`, `format_id`, `url`, `file_key`, `is_primary`, `created_at`) VALUES ('src-ep-anime-haikyu-11-720p', 'ep-anime-haikyu-11', '720p', 'mp4', 'https://cdn.zenith.dyzulk.net.eu.org/anime/demo/episode/1/720p.mp4', 'demo/720p.mp4', 0, (strftime('%s', 'now')));
INSERT INTO `video_sources` (`id`, `episode_id`, `quality_id`, `format_id`, `url`, `file_key`, `is_primary`, `created_at`) VALUES ('src-ep-anime-haikyu-11-1080p', 'ep-anime-haikyu-11', '1080p', 'mp4', 'https://cdn.zenith.dyzulk.net.eu.org/anime/demo/episode/1/1080p.mp4', 'demo/1080p.mp4', 1, (strftime('%s', 'now')));
INSERT INTO `episodes` (`id`, `anime_id`, `episode_number`, `title`, `synopsis`, `duration_seconds`, `thumbnail_key`, `view_count`, `created_at`) VALUES ('ep-anime-haikyu-12', 'anime-haikyu', 12, 'Episode 12', 'Detailed synopsis for episode 12.', 1440, '/demo/demo-landscape.webp', 0, (strftime('%s', 'now')));
INSERT INTO `video_sources` (`id`, `episode_id`, `quality_id`, `format_id`, `url`, `file_key`, `is_primary`, `created_at`) VALUES ('src-ep-anime-haikyu-12-360p', 'ep-anime-haikyu-12', '360p', 'mp4', 'https://cdn.zenith.dyzulk.net.eu.org/anime/demo/episode/1/360p.mp4', 'demo/360p.mp4', 0, (strftime('%s', 'now')));
INSERT INTO `video_sources` (`id`, `episode_id`, `quality_id`, `format_id`, `url`, `file_key`, `is_primary`, `created_at`) VALUES ('src-ep-anime-haikyu-12-480p', 'ep-anime-haikyu-12', '480p', 'mp4', 'https://cdn.zenith.dyzulk.net.eu.org/anime/demo/episode/1/480p.mp4', 'demo/480p.mp4', 0, (strftime('%s', 'now')));
INSERT INTO `video_sources` (`id`, `episode_id`, `quality_id`, `format_id`, `url`, `file_key`, `is_primary`, `created_at`) VALUES ('src-ep-anime-haikyu-12-720p', 'ep-anime-haikyu-12', '720p', 'mp4', 'https://cdn.zenith.dyzulk.net.eu.org/anime/demo/episode/1/720p.mp4', 'demo/720p.mp4', 0, (strftime('%s', 'now')));
INSERT INTO `video_sources` (`id`, `episode_id`, `quality_id`, `format_id`, `url`, `file_key`, `is_primary`, `created_at`) VALUES ('src-ep-anime-haikyu-12-1080p', 'ep-anime-haikyu-12', '1080p', 'mp4', 'https://cdn.zenith.dyzulk.net.eu.org/anime/demo/episode/1/1080p.mp4', 'demo/1080p.mp4', 1, (strftime('%s', 'now')));
INSERT INTO `episodes` (`id`, `anime_id`, `episode_number`, `title`, `synopsis`, `duration_seconds`, `thumbnail_key`, `view_count`, `created_at`) VALUES ('ep-anime-bluelock-1', 'anime-bluelock', 1, 'Episode 1', 'Detailed synopsis for episode 1.', 1440, '/demo/demo-landscape.webp', 0, (strftime('%s', 'now')));
INSERT INTO `video_sources` (`id`, `episode_id`, `quality_id`, `format_id`, `url`, `file_key`, `is_primary`, `created_at`) VALUES ('src-ep-anime-bluelock-1-360p', 'ep-anime-bluelock-1', '360p', 'mp4', 'https://cdn.zenith.dyzulk.net.eu.org/anime/demo/episode/1/360p.mp4', 'demo/360p.mp4', 0, (strftime('%s', 'now')));
INSERT INTO `video_sources` (`id`, `episode_id`, `quality_id`, `format_id`, `url`, `file_key`, `is_primary`, `created_at`) VALUES ('src-ep-anime-bluelock-1-480p', 'ep-anime-bluelock-1', '480p', 'mp4', 'https://cdn.zenith.dyzulk.net.eu.org/anime/demo/episode/1/480p.mp4', 'demo/480p.mp4', 0, (strftime('%s', 'now')));
INSERT INTO `video_sources` (`id`, `episode_id`, `quality_id`, `format_id`, `url`, `file_key`, `is_primary`, `created_at`) VALUES ('src-ep-anime-bluelock-1-720p', 'ep-anime-bluelock-1', '720p', 'mp4', 'https://cdn.zenith.dyzulk.net.eu.org/anime/demo/episode/1/720p.mp4', 'demo/720p.mp4', 0, (strftime('%s', 'now')));
INSERT INTO `video_sources` (`id`, `episode_id`, `quality_id`, `format_id`, `url`, `file_key`, `is_primary`, `created_at`) VALUES ('src-ep-anime-bluelock-1-1080p', 'ep-anime-bluelock-1', '1080p', 'mp4', 'https://cdn.zenith.dyzulk.net.eu.org/anime/demo/episode/1/1080p.mp4', 'demo/1080p.mp4', 1, (strftime('%s', 'now')));
INSERT INTO `episodes` (`id`, `anime_id`, `episode_number`, `title`, `synopsis`, `duration_seconds`, `thumbnail_key`, `view_count`, `created_at`) VALUES ('ep-anime-bluelock-2', 'anime-bluelock', 2, 'Episode 2', 'Detailed synopsis for episode 2.', 1440, '/demo/demo-landscape.webp', 0, (strftime('%s', 'now')));
INSERT INTO `video_sources` (`id`, `episode_id`, `quality_id`, `format_id`, `url`, `file_key`, `is_primary`, `created_at`) VALUES ('src-ep-anime-bluelock-2-360p', 'ep-anime-bluelock-2', '360p', 'mp4', 'https://cdn.zenith.dyzulk.net.eu.org/anime/demo/episode/1/360p.mp4', 'demo/360p.mp4', 0, (strftime('%s', 'now')));
INSERT INTO `video_sources` (`id`, `episode_id`, `quality_id`, `format_id`, `url`, `file_key`, `is_primary`, `created_at`) VALUES ('src-ep-anime-bluelock-2-480p', 'ep-anime-bluelock-2', '480p', 'mp4', 'https://cdn.zenith.dyzulk.net.eu.org/anime/demo/episode/1/480p.mp4', 'demo/480p.mp4', 0, (strftime('%s', 'now')));
INSERT INTO `video_sources` (`id`, `episode_id`, `quality_id`, `format_id`, `url`, `file_key`, `is_primary`, `created_at`) VALUES ('src-ep-anime-bluelock-2-720p', 'ep-anime-bluelock-2', '720p', 'mp4', 'https://cdn.zenith.dyzulk.net.eu.org/anime/demo/episode/1/720p.mp4', 'demo/720p.mp4', 0, (strftime('%s', 'now')));
INSERT INTO `video_sources` (`id`, `episode_id`, `quality_id`, `format_id`, `url`, `file_key`, `is_primary`, `created_at`) VALUES ('src-ep-anime-bluelock-2-1080p', 'ep-anime-bluelock-2', '1080p', 'mp4', 'https://cdn.zenith.dyzulk.net.eu.org/anime/demo/episode/1/1080p.mp4', 'demo/1080p.mp4', 1, (strftime('%s', 'now')));
INSERT INTO `episodes` (`id`, `anime_id`, `episode_number`, `title`, `synopsis`, `duration_seconds`, `thumbnail_key`, `view_count`, `created_at`) VALUES ('ep-anime-bluelock-3', 'anime-bluelock', 3, 'Episode 3', 'Detailed synopsis for episode 3.', 1440, '/demo/demo-landscape.webp', 0, (strftime('%s', 'now')));
INSERT INTO `video_sources` (`id`, `episode_id`, `quality_id`, `format_id`, `url`, `file_key`, `is_primary`, `created_at`) VALUES ('src-ep-anime-bluelock-3-360p', 'ep-anime-bluelock-3', '360p', 'mp4', 'https://cdn.zenith.dyzulk.net.eu.org/anime/demo/episode/1/360p.mp4', 'demo/360p.mp4', 0, (strftime('%s', 'now')));
INSERT INTO `video_sources` (`id`, `episode_id`, `quality_id`, `format_id`, `url`, `file_key`, `is_primary`, `created_at`) VALUES ('src-ep-anime-bluelock-3-480p', 'ep-anime-bluelock-3', '480p', 'mp4', 'https://cdn.zenith.dyzulk.net.eu.org/anime/demo/episode/1/480p.mp4', 'demo/480p.mp4', 0, (strftime('%s', 'now')));
INSERT INTO `video_sources` (`id`, `episode_id`, `quality_id`, `format_id`, `url`, `file_key`, `is_primary`, `created_at`) VALUES ('src-ep-anime-bluelock-3-720p', 'ep-anime-bluelock-3', '720p', 'mp4', 'https://cdn.zenith.dyzulk.net.eu.org/anime/demo/episode/1/720p.mp4', 'demo/720p.mp4', 0, (strftime('%s', 'now')));
INSERT INTO `video_sources` (`id`, `episode_id`, `quality_id`, `format_id`, `url`, `file_key`, `is_primary`, `created_at`) VALUES ('src-ep-anime-bluelock-3-1080p', 'ep-anime-bluelock-3', '1080p', 'mp4', 'https://cdn.zenith.dyzulk.net.eu.org/anime/demo/episode/1/1080p.mp4', 'demo/1080p.mp4', 1, (strftime('%s', 'now')));
INSERT INTO `episodes` (`id`, `anime_id`, `episode_number`, `title`, `synopsis`, `duration_seconds`, `thumbnail_key`, `view_count`, `created_at`) VALUES ('ep-anime-bluelock-4', 'anime-bluelock', 4, 'Episode 4', 'Detailed synopsis for episode 4.', 1440, '/demo/demo-landscape.webp', 0, (strftime('%s', 'now')));
INSERT INTO `video_sources` (`id`, `episode_id`, `quality_id`, `format_id`, `url`, `file_key`, `is_primary`, `created_at`) VALUES ('src-ep-anime-bluelock-4-360p', 'ep-anime-bluelock-4', '360p', 'mp4', 'https://cdn.zenith.dyzulk.net.eu.org/anime/demo/episode/1/360p.mp4', 'demo/360p.mp4', 0, (strftime('%s', 'now')));
INSERT INTO `video_sources` (`id`, `episode_id`, `quality_id`, `format_id`, `url`, `file_key`, `is_primary`, `created_at`) VALUES ('src-ep-anime-bluelock-4-480p', 'ep-anime-bluelock-4', '480p', 'mp4', 'https://cdn.zenith.dyzulk.net.eu.org/anime/demo/episode/1/480p.mp4', 'demo/480p.mp4', 0, (strftime('%s', 'now')));
INSERT INTO `video_sources` (`id`, `episode_id`, `quality_id`, `format_id`, `url`, `file_key`, `is_primary`, `created_at`) VALUES ('src-ep-anime-bluelock-4-720p', 'ep-anime-bluelock-4', '720p', 'mp4', 'https://cdn.zenith.dyzulk.net.eu.org/anime/demo/episode/1/720p.mp4', 'demo/720p.mp4', 0, (strftime('%s', 'now')));
INSERT INTO `video_sources` (`id`, `episode_id`, `quality_id`, `format_id`, `url`, `file_key`, `is_primary`, `created_at`) VALUES ('src-ep-anime-bluelock-4-1080p', 'ep-anime-bluelock-4', '1080p', 'mp4', 'https://cdn.zenith.dyzulk.net.eu.org/anime/demo/episode/1/1080p.mp4', 'demo/1080p.mp4', 1, (strftime('%s', 'now')));
INSERT INTO `episodes` (`id`, `anime_id`, `episode_number`, `title`, `synopsis`, `duration_seconds`, `thumbnail_key`, `view_count`, `created_at`) VALUES ('ep-anime-bluelock-5', 'anime-bluelock', 5, 'Episode 5', 'Detailed synopsis for episode 5.', 1440, '/demo/demo-landscape.webp', 0, (strftime('%s', 'now')));
INSERT INTO `video_sources` (`id`, `episode_id`, `quality_id`, `format_id`, `url`, `file_key`, `is_primary`, `created_at`) VALUES ('src-ep-anime-bluelock-5-360p', 'ep-anime-bluelock-5', '360p', 'mp4', 'https://cdn.zenith.dyzulk.net.eu.org/anime/demo/episode/1/360p.mp4', 'demo/360p.mp4', 0, (strftime('%s', 'now')));
INSERT INTO `video_sources` (`id`, `episode_id`, `quality_id`, `format_id`, `url`, `file_key`, `is_primary`, `created_at`) VALUES ('src-ep-anime-bluelock-5-480p', 'ep-anime-bluelock-5', '480p', 'mp4', 'https://cdn.zenith.dyzulk.net.eu.org/anime/demo/episode/1/480p.mp4', 'demo/480p.mp4', 0, (strftime('%s', 'now')));
INSERT INTO `video_sources` (`id`, `episode_id`, `quality_id`, `format_id`, `url`, `file_key`, `is_primary`, `created_at`) VALUES ('src-ep-anime-bluelock-5-720p', 'ep-anime-bluelock-5', '720p', 'mp4', 'https://cdn.zenith.dyzulk.net.eu.org/anime/demo/episode/1/720p.mp4', 'demo/720p.mp4', 0, (strftime('%s', 'now')));
INSERT INTO `video_sources` (`id`, `episode_id`, `quality_id`, `format_id`, `url`, `file_key`, `is_primary`, `created_at`) VALUES ('src-ep-anime-bluelock-5-1080p', 'ep-anime-bluelock-5', '1080p', 'mp4', 'https://cdn.zenith.dyzulk.net.eu.org/anime/demo/episode/1/1080p.mp4', 'demo/1080p.mp4', 1, (strftime('%s', 'now')));
INSERT INTO `episodes` (`id`, `anime_id`, `episode_number`, `title`, `synopsis`, `duration_seconds`, `thumbnail_key`, `view_count`, `created_at`) VALUES ('ep-anime-bluelock-6', 'anime-bluelock', 6, 'Episode 6', 'Detailed synopsis for episode 6.', 1440, '/demo/demo-landscape.webp', 0, (strftime('%s', 'now')));
INSERT INTO `video_sources` (`id`, `episode_id`, `quality_id`, `format_id`, `url`, `file_key`, `is_primary`, `created_at`) VALUES ('src-ep-anime-bluelock-6-360p', 'ep-anime-bluelock-6', '360p', 'mp4', 'https://cdn.zenith.dyzulk.net.eu.org/anime/demo/episode/1/360p.mp4', 'demo/360p.mp4', 0, (strftime('%s', 'now')));
INSERT INTO `video_sources` (`id`, `episode_id`, `quality_id`, `format_id`, `url`, `file_key`, `is_primary`, `created_at`) VALUES ('src-ep-anime-bluelock-6-480p', 'ep-anime-bluelock-6', '480p', 'mp4', 'https://cdn.zenith.dyzulk.net.eu.org/anime/demo/episode/1/480p.mp4', 'demo/480p.mp4', 0, (strftime('%s', 'now')));
INSERT INTO `video_sources` (`id`, `episode_id`, `quality_id`, `format_id`, `url`, `file_key`, `is_primary`, `created_at`) VALUES ('src-ep-anime-bluelock-6-720p', 'ep-anime-bluelock-6', '720p', 'mp4', 'https://cdn.zenith.dyzulk.net.eu.org/anime/demo/episode/1/720p.mp4', 'demo/720p.mp4', 0, (strftime('%s', 'now')));
INSERT INTO `video_sources` (`id`, `episode_id`, `quality_id`, `format_id`, `url`, `file_key`, `is_primary`, `created_at`) VALUES ('src-ep-anime-bluelock-6-1080p', 'ep-anime-bluelock-6', '1080p', 'mp4', 'https://cdn.zenith.dyzulk.net.eu.org/anime/demo/episode/1/1080p.mp4', 'demo/1080p.mp4', 1, (strftime('%s', 'now')));
INSERT INTO `episodes` (`id`, `anime_id`, `episode_number`, `title`, `synopsis`, `duration_seconds`, `thumbnail_key`, `view_count`, `created_at`) VALUES ('ep-anime-bluelock-7', 'anime-bluelock', 7, 'Episode 7', 'Detailed synopsis for episode 7.', 1440, '/demo/demo-landscape.webp', 0, (strftime('%s', 'now')));
INSERT INTO `video_sources` (`id`, `episode_id`, `quality_id`, `format_id`, `url`, `file_key`, `is_primary`, `created_at`) VALUES ('src-ep-anime-bluelock-7-360p', 'ep-anime-bluelock-7', '360p', 'mp4', 'https://cdn.zenith.dyzulk.net.eu.org/anime/demo/episode/1/360p.mp4', 'demo/360p.mp4', 0, (strftime('%s', 'now')));
INSERT INTO `video_sources` (`id`, `episode_id`, `quality_id`, `format_id`, `url`, `file_key`, `is_primary`, `created_at`) VALUES ('src-ep-anime-bluelock-7-480p', 'ep-anime-bluelock-7', '480p', 'mp4', 'https://cdn.zenith.dyzulk.net.eu.org/anime/demo/episode/1/480p.mp4', 'demo/480p.mp4', 0, (strftime('%s', 'now')));
INSERT INTO `video_sources` (`id`, `episode_id`, `quality_id`, `format_id`, `url`, `file_key`, `is_primary`, `created_at`) VALUES ('src-ep-anime-bluelock-7-720p', 'ep-anime-bluelock-7', '720p', 'mp4', 'https://cdn.zenith.dyzulk.net.eu.org/anime/demo/episode/1/720p.mp4', 'demo/720p.mp4', 0, (strftime('%s', 'now')));
INSERT INTO `video_sources` (`id`, `episode_id`, `quality_id`, `format_id`, `url`, `file_key`, `is_primary`, `created_at`) VALUES ('src-ep-anime-bluelock-7-1080p', 'ep-anime-bluelock-7', '1080p', 'mp4', 'https://cdn.zenith.dyzulk.net.eu.org/anime/demo/episode/1/1080p.mp4', 'demo/1080p.mp4', 1, (strftime('%s', 'now')));
INSERT INTO `episodes` (`id`, `anime_id`, `episode_number`, `title`, `synopsis`, `duration_seconds`, `thumbnail_key`, `view_count`, `created_at`) VALUES ('ep-anime-bluelock-8', 'anime-bluelock', 8, 'Episode 8', 'Detailed synopsis for episode 8.', 1440, '/demo/demo-landscape.webp', 0, (strftime('%s', 'now')));
INSERT INTO `video_sources` (`id`, `episode_id`, `quality_id`, `format_id`, `url`, `file_key`, `is_primary`, `created_at`) VALUES ('src-ep-anime-bluelock-8-360p', 'ep-anime-bluelock-8', '360p', 'mp4', 'https://cdn.zenith.dyzulk.net.eu.org/anime/demo/episode/1/360p.mp4', 'demo/360p.mp4', 0, (strftime('%s', 'now')));
INSERT INTO `video_sources` (`id`, `episode_id`, `quality_id`, `format_id`, `url`, `file_key`, `is_primary`, `created_at`) VALUES ('src-ep-anime-bluelock-8-480p', 'ep-anime-bluelock-8', '480p', 'mp4', 'https://cdn.zenith.dyzulk.net.eu.org/anime/demo/episode/1/480p.mp4', 'demo/480p.mp4', 0, (strftime('%s', 'now')));
INSERT INTO `video_sources` (`id`, `episode_id`, `quality_id`, `format_id`, `url`, `file_key`, `is_primary`, `created_at`) VALUES ('src-ep-anime-bluelock-8-720p', 'ep-anime-bluelock-8', '720p', 'mp4', 'https://cdn.zenith.dyzulk.net.eu.org/anime/demo/episode/1/720p.mp4', 'demo/720p.mp4', 0, (strftime('%s', 'now')));
INSERT INTO `video_sources` (`id`, `episode_id`, `quality_id`, `format_id`, `url`, `file_key`, `is_primary`, `created_at`) VALUES ('src-ep-anime-bluelock-8-1080p', 'ep-anime-bluelock-8', '1080p', 'mp4', 'https://cdn.zenith.dyzulk.net.eu.org/anime/demo/episode/1/1080p.mp4', 'demo/1080p.mp4', 1, (strftime('%s', 'now')));
INSERT INTO `episodes` (`id`, `anime_id`, `episode_number`, `title`, `synopsis`, `duration_seconds`, `thumbnail_key`, `view_count`, `created_at`) VALUES ('ep-anime-bluelock-9', 'anime-bluelock', 9, 'Episode 9', 'Detailed synopsis for episode 9.', 1440, '/demo/demo-landscape.webp', 0, (strftime('%s', 'now')));
INSERT INTO `video_sources` (`id`, `episode_id`, `quality_id`, `format_id`, `url`, `file_key`, `is_primary`, `created_at`) VALUES ('src-ep-anime-bluelock-9-360p', 'ep-anime-bluelock-9', '360p', 'mp4', 'https://cdn.zenith.dyzulk.net.eu.org/anime/demo/episode/1/360p.mp4', 'demo/360p.mp4', 0, (strftime('%s', 'now')));
INSERT INTO `video_sources` (`id`, `episode_id`, `quality_id`, `format_id`, `url`, `file_key`, `is_primary`, `created_at`) VALUES ('src-ep-anime-bluelock-9-480p', 'ep-anime-bluelock-9', '480p', 'mp4', 'https://cdn.zenith.dyzulk.net.eu.org/anime/demo/episode/1/480p.mp4', 'demo/480p.mp4', 0, (strftime('%s', 'now')));
INSERT INTO `video_sources` (`id`, `episode_id`, `quality_id`, `format_id`, `url`, `file_key`, `is_primary`, `created_at`) VALUES ('src-ep-anime-bluelock-9-720p', 'ep-anime-bluelock-9', '720p', 'mp4', 'https://cdn.zenith.dyzulk.net.eu.org/anime/demo/episode/1/720p.mp4', 'demo/720p.mp4', 0, (strftime('%s', 'now')));
INSERT INTO `video_sources` (`id`, `episode_id`, `quality_id`, `format_id`, `url`, `file_key`, `is_primary`, `created_at`) VALUES ('src-ep-anime-bluelock-9-1080p', 'ep-anime-bluelock-9', '1080p', 'mp4', 'https://cdn.zenith.dyzulk.net.eu.org/anime/demo/episode/1/1080p.mp4', 'demo/1080p.mp4', 1, (strftime('%s', 'now')));
INSERT INTO `episodes` (`id`, `anime_id`, `episode_number`, `title`, `synopsis`, `duration_seconds`, `thumbnail_key`, `view_count`, `created_at`) VALUES ('ep-anime-bluelock-10', 'anime-bluelock', 10, 'Episode 10', 'Detailed synopsis for episode 10.', 1440, '/demo/demo-landscape.webp', 0, (strftime('%s', 'now')));
INSERT INTO `video_sources` (`id`, `episode_id`, `quality_id`, `format_id`, `url`, `file_key`, `is_primary`, `created_at`) VALUES ('src-ep-anime-bluelock-10-360p', 'ep-anime-bluelock-10', '360p', 'mp4', 'https://cdn.zenith.dyzulk.net.eu.org/anime/demo/episode/1/360p.mp4', 'demo/360p.mp4', 0, (strftime('%s', 'now')));
INSERT INTO `video_sources` (`id`, `episode_id`, `quality_id`, `format_id`, `url`, `file_key`, `is_primary`, `created_at`) VALUES ('src-ep-anime-bluelock-10-480p', 'ep-anime-bluelock-10', '480p', 'mp4', 'https://cdn.zenith.dyzulk.net.eu.org/anime/demo/episode/1/480p.mp4', 'demo/480p.mp4', 0, (strftime('%s', 'now')));
INSERT INTO `video_sources` (`id`, `episode_id`, `quality_id`, `format_id`, `url`, `file_key`, `is_primary`, `created_at`) VALUES ('src-ep-anime-bluelock-10-720p', 'ep-anime-bluelock-10', '720p', 'mp4', 'https://cdn.zenith.dyzulk.net.eu.org/anime/demo/episode/1/720p.mp4', 'demo/720p.mp4', 0, (strftime('%s', 'now')));
INSERT INTO `video_sources` (`id`, `episode_id`, `quality_id`, `format_id`, `url`, `file_key`, `is_primary`, `created_at`) VALUES ('src-ep-anime-bluelock-10-1080p', 'ep-anime-bluelock-10', '1080p', 'mp4', 'https://cdn.zenith.dyzulk.net.eu.org/anime/demo/episode/1/1080p.mp4', 'demo/1080p.mp4', 1, (strftime('%s', 'now')));
INSERT INTO `episodes` (`id`, `anime_id`, `episode_number`, `title`, `synopsis`, `duration_seconds`, `thumbnail_key`, `view_count`, `created_at`) VALUES ('ep-anime-bluelock-11', 'anime-bluelock', 11, 'Episode 11', 'Detailed synopsis for episode 11.', 1440, '/demo/demo-landscape.webp', 0, (strftime('%s', 'now')));
INSERT INTO `video_sources` (`id`, `episode_id`, `quality_id`, `format_id`, `url`, `file_key`, `is_primary`, `created_at`) VALUES ('src-ep-anime-bluelock-11-360p', 'ep-anime-bluelock-11', '360p', 'mp4', 'https://cdn.zenith.dyzulk.net.eu.org/anime/demo/episode/1/360p.mp4', 'demo/360p.mp4', 0, (strftime('%s', 'now')));
INSERT INTO `video_sources` (`id`, `episode_id`, `quality_id`, `format_id`, `url`, `file_key`, `is_primary`, `created_at`) VALUES ('src-ep-anime-bluelock-11-480p', 'ep-anime-bluelock-11', '480p', 'mp4', 'https://cdn.zenith.dyzulk.net.eu.org/anime/demo/episode/1/480p.mp4', 'demo/480p.mp4', 0, (strftime('%s', 'now')));
INSERT INTO `video_sources` (`id`, `episode_id`, `quality_id`, `format_id`, `url`, `file_key`, `is_primary`, `created_at`) VALUES ('src-ep-anime-bluelock-11-720p', 'ep-anime-bluelock-11', '720p', 'mp4', 'https://cdn.zenith.dyzulk.net.eu.org/anime/demo/episode/1/720p.mp4', 'demo/720p.mp4', 0, (strftime('%s', 'now')));
INSERT INTO `video_sources` (`id`, `episode_id`, `quality_id`, `format_id`, `url`, `file_key`, `is_primary`, `created_at`) VALUES ('src-ep-anime-bluelock-11-1080p', 'ep-anime-bluelock-11', '1080p', 'mp4', 'https://cdn.zenith.dyzulk.net.eu.org/anime/demo/episode/1/1080p.mp4', 'demo/1080p.mp4', 1, (strftime('%s', 'now')));
INSERT INTO `episodes` (`id`, `anime_id`, `episode_number`, `title`, `synopsis`, `duration_seconds`, `thumbnail_key`, `view_count`, `created_at`) VALUES ('ep-anime-bluelock-12', 'anime-bluelock', 12, 'Episode 12', 'Detailed synopsis for episode 12.', 1440, '/demo/demo-landscape.webp', 0, (strftime('%s', 'now')));
INSERT INTO `video_sources` (`id`, `episode_id`, `quality_id`, `format_id`, `url`, `file_key`, `is_primary`, `created_at`) VALUES ('src-ep-anime-bluelock-12-360p', 'ep-anime-bluelock-12', '360p', 'mp4', 'https://cdn.zenith.dyzulk.net.eu.org/anime/demo/episode/1/360p.mp4', 'demo/360p.mp4', 0, (strftime('%s', 'now')));
INSERT INTO `video_sources` (`id`, `episode_id`, `quality_id`, `format_id`, `url`, `file_key`, `is_primary`, `created_at`) VALUES ('src-ep-anime-bluelock-12-480p', 'ep-anime-bluelock-12', '480p', 'mp4', 'https://cdn.zenith.dyzulk.net.eu.org/anime/demo/episode/1/480p.mp4', 'demo/480p.mp4', 0, (strftime('%s', 'now')));
INSERT INTO `video_sources` (`id`, `episode_id`, `quality_id`, `format_id`, `url`, `file_key`, `is_primary`, `created_at`) VALUES ('src-ep-anime-bluelock-12-720p', 'ep-anime-bluelock-12', '720p', 'mp4', 'https://cdn.zenith.dyzulk.net.eu.org/anime/demo/episode/1/720p.mp4', 'demo/720p.mp4', 0, (strftime('%s', 'now')));
INSERT INTO `video_sources` (`id`, `episode_id`, `quality_id`, `format_id`, `url`, `file_key`, `is_primary`, `created_at`) VALUES ('src-ep-anime-bluelock-12-1080p', 'ep-anime-bluelock-12', '1080p', 'mp4', 'https://cdn.zenith.dyzulk.net.eu.org/anime/demo/episode/1/1080p.mp4', 'demo/1080p.mp4', 1, (strftime('%s', 'now')));
INSERT INTO `episodes` (`id`, `anime_id`, `episode_number`, `title`, `synopsis`, `duration_seconds`, `thumbnail_key`, `view_count`, `created_at`) VALUES ('ep-anime-hellp-1', 'anime-hellp', 1, 'Episode 1', 'Detailed synopsis for episode 1.', 1440, '/demo/demo-landscape.webp', 0, (strftime('%s', 'now')));
INSERT INTO `video_sources` (`id`, `episode_id`, `quality_id`, `format_id`, `url`, `file_key`, `is_primary`, `created_at`) VALUES ('src-ep-anime-hellp-1-360p', 'ep-anime-hellp-1', '360p', 'mp4', 'https://cdn.zenith.dyzulk.net.eu.org/anime/demo/episode/1/360p.mp4', 'demo/360p.mp4', 0, (strftime('%s', 'now')));
INSERT INTO `video_sources` (`id`, `episode_id`, `quality_id`, `format_id`, `url`, `file_key`, `is_primary`, `created_at`) VALUES ('src-ep-anime-hellp-1-480p', 'ep-anime-hellp-1', '480p', 'mp4', 'https://cdn.zenith.dyzulk.net.eu.org/anime/demo/episode/1/480p.mp4', 'demo/480p.mp4', 0, (strftime('%s', 'now')));
INSERT INTO `video_sources` (`id`, `episode_id`, `quality_id`, `format_id`, `url`, `file_key`, `is_primary`, `created_at`) VALUES ('src-ep-anime-hellp-1-720p', 'ep-anime-hellp-1', '720p', 'mp4', 'https://cdn.zenith.dyzulk.net.eu.org/anime/demo/episode/1/720p.mp4', 'demo/720p.mp4', 0, (strftime('%s', 'now')));
INSERT INTO `video_sources` (`id`, `episode_id`, `quality_id`, `format_id`, `url`, `file_key`, `is_primary`, `created_at`) VALUES ('src-ep-anime-hellp-1-1080p', 'ep-anime-hellp-1', '1080p', 'mp4', 'https://cdn.zenith.dyzulk.net.eu.org/anime/demo/episode/1/1080p.mp4', 'demo/1080p.mp4', 1, (strftime('%s', 'now')));
INSERT INTO `episodes` (`id`, `anime_id`, `episode_number`, `title`, `synopsis`, `duration_seconds`, `thumbnail_key`, `view_count`, `created_at`) VALUES ('ep-anime-hellp-2', 'anime-hellp', 2, 'Episode 2', 'Detailed synopsis for episode 2.', 1440, '/demo/demo-landscape.webp', 0, (strftime('%s', 'now')));
INSERT INTO `video_sources` (`id`, `episode_id`, `quality_id`, `format_id`, `url`, `file_key`, `is_primary`, `created_at`) VALUES ('src-ep-anime-hellp-2-360p', 'ep-anime-hellp-2', '360p', 'mp4', 'https://cdn.zenith.dyzulk.net.eu.org/anime/demo/episode/1/360p.mp4', 'demo/360p.mp4', 0, (strftime('%s', 'now')));
INSERT INTO `video_sources` (`id`, `episode_id`, `quality_id`, `format_id`, `url`, `file_key`, `is_primary`, `created_at`) VALUES ('src-ep-anime-hellp-2-480p', 'ep-anime-hellp-2', '480p', 'mp4', 'https://cdn.zenith.dyzulk.net.eu.org/anime/demo/episode/1/480p.mp4', 'demo/480p.mp4', 0, (strftime('%s', 'now')));
INSERT INTO `video_sources` (`id`, `episode_id`, `quality_id`, `format_id`, `url`, `file_key`, `is_primary`, `created_at`) VALUES ('src-ep-anime-hellp-2-720p', 'ep-anime-hellp-2', '720p', 'mp4', 'https://cdn.zenith.dyzulk.net.eu.org/anime/demo/episode/1/720p.mp4', 'demo/720p.mp4', 0, (strftime('%s', 'now')));
INSERT INTO `video_sources` (`id`, `episode_id`, `quality_id`, `format_id`, `url`, `file_key`, `is_primary`, `created_at`) VALUES ('src-ep-anime-hellp-2-1080p', 'ep-anime-hellp-2', '1080p', 'mp4', 'https://cdn.zenith.dyzulk.net.eu.org/anime/demo/episode/1/1080p.mp4', 'demo/1080p.mp4', 1, (strftime('%s', 'now')));
INSERT INTO `episodes` (`id`, `anime_id`, `episode_number`, `title`, `synopsis`, `duration_seconds`, `thumbnail_key`, `view_count`, `created_at`) VALUES ('ep-anime-hellp-3', 'anime-hellp', 3, 'Episode 3', 'Detailed synopsis for episode 3.', 1440, '/demo/demo-landscape.webp', 0, (strftime('%s', 'now')));
INSERT INTO `video_sources` (`id`, `episode_id`, `quality_id`, `format_id`, `url`, `file_key`, `is_primary`, `created_at`) VALUES ('src-ep-anime-hellp-3-360p', 'ep-anime-hellp-3', '360p', 'mp4', 'https://cdn.zenith.dyzulk.net.eu.org/anime/demo/episode/1/360p.mp4', 'demo/360p.mp4', 0, (strftime('%s', 'now')));
INSERT INTO `video_sources` (`id`, `episode_id`, `quality_id`, `format_id`, `url`, `file_key`, `is_primary`, `created_at`) VALUES ('src-ep-anime-hellp-3-480p', 'ep-anime-hellp-3', '480p', 'mp4', 'https://cdn.zenith.dyzulk.net.eu.org/anime/demo/episode/1/480p.mp4', 'demo/480p.mp4', 0, (strftime('%s', 'now')));
INSERT INTO `video_sources` (`id`, `episode_id`, `quality_id`, `format_id`, `url`, `file_key`, `is_primary`, `created_at`) VALUES ('src-ep-anime-hellp-3-720p', 'ep-anime-hellp-3', '720p', 'mp4', 'https://cdn.zenith.dyzulk.net.eu.org/anime/demo/episode/1/720p.mp4', 'demo/720p.mp4', 0, (strftime('%s', 'now')));
INSERT INTO `video_sources` (`id`, `episode_id`, `quality_id`, `format_id`, `url`, `file_key`, `is_primary`, `created_at`) VALUES ('src-ep-anime-hellp-3-1080p', 'ep-anime-hellp-3', '1080p', 'mp4', 'https://cdn.zenith.dyzulk.net.eu.org/anime/demo/episode/1/1080p.mp4', 'demo/1080p.mp4', 1, (strftime('%s', 'now')));
INSERT INTO `episodes` (`id`, `anime_id`, `episode_number`, `title`, `synopsis`, `duration_seconds`, `thumbnail_key`, `view_count`, `created_at`) VALUES ('ep-anime-hellp-4', 'anime-hellp', 4, 'Episode 4', 'Detailed synopsis for episode 4.', 1440, '/demo/demo-landscape.webp', 0, (strftime('%s', 'now')));
INSERT INTO `video_sources` (`id`, `episode_id`, `quality_id`, `format_id`, `url`, `file_key`, `is_primary`, `created_at`) VALUES ('src-ep-anime-hellp-4-360p', 'ep-anime-hellp-4', '360p', 'mp4', 'https://cdn.zenith.dyzulk.net.eu.org/anime/demo/episode/1/360p.mp4', 'demo/360p.mp4', 0, (strftime('%s', 'now')));
INSERT INTO `video_sources` (`id`, `episode_id`, `quality_id`, `format_id`, `url`, `file_key`, `is_primary`, `created_at`) VALUES ('src-ep-anime-hellp-4-480p', 'ep-anime-hellp-4', '480p', 'mp4', 'https://cdn.zenith.dyzulk.net.eu.org/anime/demo/episode/1/480p.mp4', 'demo/480p.mp4', 0, (strftime('%s', 'now')));
INSERT INTO `video_sources` (`id`, `episode_id`, `quality_id`, `format_id`, `url`, `file_key`, `is_primary`, `created_at`) VALUES ('src-ep-anime-hellp-4-720p', 'ep-anime-hellp-4', '720p', 'mp4', 'https://cdn.zenith.dyzulk.net.eu.org/anime/demo/episode/1/720p.mp4', 'demo/720p.mp4', 0, (strftime('%s', 'now')));
INSERT INTO `video_sources` (`id`, `episode_id`, `quality_id`, `format_id`, `url`, `file_key`, `is_primary`, `created_at`) VALUES ('src-ep-anime-hellp-4-1080p', 'ep-anime-hellp-4', '1080p', 'mp4', 'https://cdn.zenith.dyzulk.net.eu.org/anime/demo/episode/1/1080p.mp4', 'demo/1080p.mp4', 1, (strftime('%s', 'now')));
INSERT INTO `episodes` (`id`, `anime_id`, `episode_number`, `title`, `synopsis`, `duration_seconds`, `thumbnail_key`, `view_count`, `created_at`) VALUES ('ep-anime-hellp-5', 'anime-hellp', 5, 'Episode 5', 'Detailed synopsis for episode 5.', 1440, '/demo/demo-landscape.webp', 0, (strftime('%s', 'now')));
INSERT INTO `video_sources` (`id`, `episode_id`, `quality_id`, `format_id`, `url`, `file_key`, `is_primary`, `created_at`) VALUES ('src-ep-anime-hellp-5-360p', 'ep-anime-hellp-5', '360p', 'mp4', 'https://cdn.zenith.dyzulk.net.eu.org/anime/demo/episode/1/360p.mp4', 'demo/360p.mp4', 0, (strftime('%s', 'now')));
INSERT INTO `video_sources` (`id`, `episode_id`, `quality_id`, `format_id`, `url`, `file_key`, `is_primary`, `created_at`) VALUES ('src-ep-anime-hellp-5-480p', 'ep-anime-hellp-5', '480p', 'mp4', 'https://cdn.zenith.dyzulk.net.eu.org/anime/demo/episode/1/480p.mp4', 'demo/480p.mp4', 0, (strftime('%s', 'now')));
INSERT INTO `video_sources` (`id`, `episode_id`, `quality_id`, `format_id`, `url`, `file_key`, `is_primary`, `created_at`) VALUES ('src-ep-anime-hellp-5-720p', 'ep-anime-hellp-5', '720p', 'mp4', 'https://cdn.zenith.dyzulk.net.eu.org/anime/demo/episode/1/720p.mp4', 'demo/720p.mp4', 0, (strftime('%s', 'now')));
INSERT INTO `video_sources` (`id`, `episode_id`, `quality_id`, `format_id`, `url`, `file_key`, `is_primary`, `created_at`) VALUES ('src-ep-anime-hellp-5-1080p', 'ep-anime-hellp-5', '1080p', 'mp4', 'https://cdn.zenith.dyzulk.net.eu.org/anime/demo/episode/1/1080p.mp4', 'demo/1080p.mp4', 1, (strftime('%s', 'now')));
INSERT INTO `episodes` (`id`, `anime_id`, `episode_number`, `title`, `synopsis`, `duration_seconds`, `thumbnail_key`, `view_count`, `created_at`) VALUES ('ep-anime-hellp-6', 'anime-hellp', 6, 'Episode 6', 'Detailed synopsis for episode 6.', 1440, '/demo/demo-landscape.webp', 0, (strftime('%s', 'now')));
INSERT INTO `video_sources` (`id`, `episode_id`, `quality_id`, `format_id`, `url`, `file_key`, `is_primary`, `created_at`) VALUES ('src-ep-anime-hellp-6-360p', 'ep-anime-hellp-6', '360p', 'mp4', 'https://cdn.zenith.dyzulk.net.eu.org/anime/demo/episode/1/360p.mp4', 'demo/360p.mp4', 0, (strftime('%s', 'now')));
INSERT INTO `video_sources` (`id`, `episode_id`, `quality_id`, `format_id`, `url`, `file_key`, `is_primary`, `created_at`) VALUES ('src-ep-anime-hellp-6-480p', 'ep-anime-hellp-6', '480p', 'mp4', 'https://cdn.zenith.dyzulk.net.eu.org/anime/demo/episode/1/480p.mp4', 'demo/480p.mp4', 0, (strftime('%s', 'now')));
INSERT INTO `video_sources` (`id`, `episode_id`, `quality_id`, `format_id`, `url`, `file_key`, `is_primary`, `created_at`) VALUES ('src-ep-anime-hellp-6-720p', 'ep-anime-hellp-6', '720p', 'mp4', 'https://cdn.zenith.dyzulk.net.eu.org/anime/demo/episode/1/720p.mp4', 'demo/720p.mp4', 0, (strftime('%s', 'now')));
INSERT INTO `video_sources` (`id`, `episode_id`, `quality_id`, `format_id`, `url`, `file_key`, `is_primary`, `created_at`) VALUES ('src-ep-anime-hellp-6-1080p', 'ep-anime-hellp-6', '1080p', 'mp4', 'https://cdn.zenith.dyzulk.net.eu.org/anime/demo/episode/1/1080p.mp4', 'demo/1080p.mp4', 1, (strftime('%s', 'now')));
INSERT INTO `episodes` (`id`, `anime_id`, `episode_number`, `title`, `synopsis`, `duration_seconds`, `thumbnail_key`, `view_count`, `created_at`) VALUES ('ep-anime-hellp-7', 'anime-hellp', 7, 'Episode 7', 'Detailed synopsis for episode 7.', 1440, '/demo/demo-landscape.webp', 0, (strftime('%s', 'now')));
INSERT INTO `video_sources` (`id`, `episode_id`, `quality_id`, `format_id`, `url`, `file_key`, `is_primary`, `created_at`) VALUES ('src-ep-anime-hellp-7-360p', 'ep-anime-hellp-7', '360p', 'mp4', 'https://cdn.zenith.dyzulk.net.eu.org/anime/demo/episode/1/360p.mp4', 'demo/360p.mp4', 0, (strftime('%s', 'now')));
INSERT INTO `video_sources` (`id`, `episode_id`, `quality_id`, `format_id`, `url`, `file_key`, `is_primary`, `created_at`) VALUES ('src-ep-anime-hellp-7-480p', 'ep-anime-hellp-7', '480p', 'mp4', 'https://cdn.zenith.dyzulk.net.eu.org/anime/demo/episode/1/480p.mp4', 'demo/480p.mp4', 0, (strftime('%s', 'now')));
INSERT INTO `video_sources` (`id`, `episode_id`, `quality_id`, `format_id`, `url`, `file_key`, `is_primary`, `created_at`) VALUES ('src-ep-anime-hellp-7-720p', 'ep-anime-hellp-7', '720p', 'mp4', 'https://cdn.zenith.dyzulk.net.eu.org/anime/demo/episode/1/720p.mp4', 'demo/720p.mp4', 0, (strftime('%s', 'now')));
INSERT INTO `video_sources` (`id`, `episode_id`, `quality_id`, `format_id`, `url`, `file_key`, `is_primary`, `created_at`) VALUES ('src-ep-anime-hellp-7-1080p', 'ep-anime-hellp-7', '1080p', 'mp4', 'https://cdn.zenith.dyzulk.net.eu.org/anime/demo/episode/1/1080p.mp4', 'demo/1080p.mp4', 1, (strftime('%s', 'now')));
INSERT INTO `episodes` (`id`, `anime_id`, `episode_number`, `title`, `synopsis`, `duration_seconds`, `thumbnail_key`, `view_count`, `created_at`) VALUES ('ep-anime-hellp-8', 'anime-hellp', 8, 'Episode 8', 'Detailed synopsis for episode 8.', 1440, '/demo/demo-landscape.webp', 0, (strftime('%s', 'now')));
INSERT INTO `video_sources` (`id`, `episode_id`, `quality_id`, `format_id`, `url`, `file_key`, `is_primary`, `created_at`) VALUES ('src-ep-anime-hellp-8-360p', 'ep-anime-hellp-8', '360p', 'mp4', 'https://cdn.zenith.dyzulk.net.eu.org/anime/demo/episode/1/360p.mp4', 'demo/360p.mp4', 0, (strftime('%s', 'now')));
INSERT INTO `video_sources` (`id`, `episode_id`, `quality_id`, `format_id`, `url`, `file_key`, `is_primary`, `created_at`) VALUES ('src-ep-anime-hellp-8-480p', 'ep-anime-hellp-8', '480p', 'mp4', 'https://cdn.zenith.dyzulk.net.eu.org/anime/demo/episode/1/480p.mp4', 'demo/480p.mp4', 0, (strftime('%s', 'now')));
INSERT INTO `video_sources` (`id`, `episode_id`, `quality_id`, `format_id`, `url`, `file_key`, `is_primary`, `created_at`) VALUES ('src-ep-anime-hellp-8-720p', 'ep-anime-hellp-8', '720p', 'mp4', 'https://cdn.zenith.dyzulk.net.eu.org/anime/demo/episode/1/720p.mp4', 'demo/720p.mp4', 0, (strftime('%s', 'now')));
INSERT INTO `video_sources` (`id`, `episode_id`, `quality_id`, `format_id`, `url`, `file_key`, `is_primary`, `created_at`) VALUES ('src-ep-anime-hellp-8-1080p', 'ep-anime-hellp-8', '1080p', 'mp4', 'https://cdn.zenith.dyzulk.net.eu.org/anime/demo/episode/1/1080p.mp4', 'demo/1080p.mp4', 1, (strftime('%s', 'now')));
INSERT INTO `episodes` (`id`, `anime_id`, `episode_number`, `title`, `synopsis`, `duration_seconds`, `thumbnail_key`, `view_count`, `created_at`) VALUES ('ep-anime-hellp-9', 'anime-hellp', 9, 'Episode 9', 'Detailed synopsis for episode 9.', 1440, '/demo/demo-landscape.webp', 0, (strftime('%s', 'now')));
INSERT INTO `video_sources` (`id`, `episode_id`, `quality_id`, `format_id`, `url`, `file_key`, `is_primary`, `created_at`) VALUES ('src-ep-anime-hellp-9-360p', 'ep-anime-hellp-9', '360p', 'mp4', 'https://cdn.zenith.dyzulk.net.eu.org/anime/demo/episode/1/360p.mp4', 'demo/360p.mp4', 0, (strftime('%s', 'now')));
INSERT INTO `video_sources` (`id`, `episode_id`, `quality_id`, `format_id`, `url`, `file_key`, `is_primary`, `created_at`) VALUES ('src-ep-anime-hellp-9-480p', 'ep-anime-hellp-9', '480p', 'mp4', 'https://cdn.zenith.dyzulk.net.eu.org/anime/demo/episode/1/480p.mp4', 'demo/480p.mp4', 0, (strftime('%s', 'now')));
INSERT INTO `video_sources` (`id`, `episode_id`, `quality_id`, `format_id`, `url`, `file_key`, `is_primary`, `created_at`) VALUES ('src-ep-anime-hellp-9-720p', 'ep-anime-hellp-9', '720p', 'mp4', 'https://cdn.zenith.dyzulk.net.eu.org/anime/demo/episode/1/720p.mp4', 'demo/720p.mp4', 0, (strftime('%s', 'now')));
INSERT INTO `video_sources` (`id`, `episode_id`, `quality_id`, `format_id`, `url`, `file_key`, `is_primary`, `created_at`) VALUES ('src-ep-anime-hellp-9-1080p', 'ep-anime-hellp-9', '1080p', 'mp4', 'https://cdn.zenith.dyzulk.net.eu.org/anime/demo/episode/1/1080p.mp4', 'demo/1080p.mp4', 1, (strftime('%s', 'now')));
INSERT INTO `episodes` (`id`, `anime_id`, `episode_number`, `title`, `synopsis`, `duration_seconds`, `thumbnail_key`, `view_count`, `created_at`) VALUES ('ep-anime-hellp-10', 'anime-hellp', 10, 'Episode 10', 'Detailed synopsis for episode 10.', 1440, '/demo/demo-landscape.webp', 0, (strftime('%s', 'now')));
INSERT INTO `video_sources` (`id`, `episode_id`, `quality_id`, `format_id`, `url`, `file_key`, `is_primary`, `created_at`) VALUES ('src-ep-anime-hellp-10-360p', 'ep-anime-hellp-10', '360p', 'mp4', 'https://cdn.zenith.dyzulk.net.eu.org/anime/demo/episode/1/360p.mp4', 'demo/360p.mp4', 0, (strftime('%s', 'now')));
INSERT INTO `video_sources` (`id`, `episode_id`, `quality_id`, `format_id`, `url`, `file_key`, `is_primary`, `created_at`) VALUES ('src-ep-anime-hellp-10-480p', 'ep-anime-hellp-10', '480p', 'mp4', 'https://cdn.zenith.dyzulk.net.eu.org/anime/demo/episode/1/480p.mp4', 'demo/480p.mp4', 0, (strftime('%s', 'now')));
INSERT INTO `video_sources` (`id`, `episode_id`, `quality_id`, `format_id`, `url`, `file_key`, `is_primary`, `created_at`) VALUES ('src-ep-anime-hellp-10-720p', 'ep-anime-hellp-10', '720p', 'mp4', 'https://cdn.zenith.dyzulk.net.eu.org/anime/demo/episode/1/720p.mp4', 'demo/720p.mp4', 0, (strftime('%s', 'now')));
INSERT INTO `video_sources` (`id`, `episode_id`, `quality_id`, `format_id`, `url`, `file_key`, `is_primary`, `created_at`) VALUES ('src-ep-anime-hellp-10-1080p', 'ep-anime-hellp-10', '1080p', 'mp4', 'https://cdn.zenith.dyzulk.net.eu.org/anime/demo/episode/1/1080p.mp4', 'demo/1080p.mp4', 1, (strftime('%s', 'now')));
INSERT INTO `episodes` (`id`, `anime_id`, `episode_number`, `title`, `synopsis`, `duration_seconds`, `thumbnail_key`, `view_count`, `created_at`) VALUES ('ep-anime-hellp-11', 'anime-hellp', 11, 'Episode 11', 'Detailed synopsis for episode 11.', 1440, '/demo/demo-landscape.webp', 0, (strftime('%s', 'now')));
INSERT INTO `video_sources` (`id`, `episode_id`, `quality_id`, `format_id`, `url`, `file_key`, `is_primary`, `created_at`) VALUES ('src-ep-anime-hellp-11-360p', 'ep-anime-hellp-11', '360p', 'mp4', 'https://cdn.zenith.dyzulk.net.eu.org/anime/demo/episode/1/360p.mp4', 'demo/360p.mp4', 0, (strftime('%s', 'now')));
INSERT INTO `video_sources` (`id`, `episode_id`, `quality_id`, `format_id`, `url`, `file_key`, `is_primary`, `created_at`) VALUES ('src-ep-anime-hellp-11-480p', 'ep-anime-hellp-11', '480p', 'mp4', 'https://cdn.zenith.dyzulk.net.eu.org/anime/demo/episode/1/480p.mp4', 'demo/480p.mp4', 0, (strftime('%s', 'now')));
INSERT INTO `video_sources` (`id`, `episode_id`, `quality_id`, `format_id`, `url`, `file_key`, `is_primary`, `created_at`) VALUES ('src-ep-anime-hellp-11-720p', 'ep-anime-hellp-11', '720p', 'mp4', 'https://cdn.zenith.dyzulk.net.eu.org/anime/demo/episode/1/720p.mp4', 'demo/720p.mp4', 0, (strftime('%s', 'now')));
INSERT INTO `video_sources` (`id`, `episode_id`, `quality_id`, `format_id`, `url`, `file_key`, `is_primary`, `created_at`) VALUES ('src-ep-anime-hellp-11-1080p', 'ep-anime-hellp-11', '1080p', 'mp4', 'https://cdn.zenith.dyzulk.net.eu.org/anime/demo/episode/1/1080p.mp4', 'demo/1080p.mp4', 1, (strftime('%s', 'now')));
INSERT INTO `episodes` (`id`, `anime_id`, `episode_number`, `title`, `synopsis`, `duration_seconds`, `thumbnail_key`, `view_count`, `created_at`) VALUES ('ep-anime-hellp-12', 'anime-hellp', 12, 'Episode 12', 'Detailed synopsis for episode 12.', 1440, '/demo/demo-landscape.webp', 0, (strftime('%s', 'now')));
INSERT INTO `video_sources` (`id`, `episode_id`, `quality_id`, `format_id`, `url`, `file_key`, `is_primary`, `created_at`) VALUES ('src-ep-anime-hellp-12-360p', 'ep-anime-hellp-12', '360p', 'mp4', 'https://cdn.zenith.dyzulk.net.eu.org/anime/demo/episode/1/360p.mp4', 'demo/360p.mp4', 0, (strftime('%s', 'now')));
INSERT INTO `video_sources` (`id`, `episode_id`, `quality_id`, `format_id`, `url`, `file_key`, `is_primary`, `created_at`) VALUES ('src-ep-anime-hellp-12-480p', 'ep-anime-hellp-12', '480p', 'mp4', 'https://cdn.zenith.dyzulk.net.eu.org/anime/demo/episode/1/480p.mp4', 'demo/480p.mp4', 0, (strftime('%s', 'now')));
INSERT INTO `video_sources` (`id`, `episode_id`, `quality_id`, `format_id`, `url`, `file_key`, `is_primary`, `created_at`) VALUES ('src-ep-anime-hellp-12-720p', 'ep-anime-hellp-12', '720p', 'mp4', 'https://cdn.zenith.dyzulk.net.eu.org/anime/demo/episode/1/720p.mp4', 'demo/720p.mp4', 0, (strftime('%s', 'now')));
INSERT INTO `video_sources` (`id`, `episode_id`, `quality_id`, `format_id`, `url`, `file_key`, `is_primary`, `created_at`) VALUES ('src-ep-anime-hellp-12-1080p', 'ep-anime-hellp-12', '1080p', 'mp4', 'https://cdn.zenith.dyzulk.net.eu.org/anime/demo/episode/1/1080p.mp4', 'demo/1080p.mp4', 1, (strftime('%s', 'now')));
INSERT INTO `episodes` (`id`, `anime_id`, `episode_number`, `title`, `synopsis`, `duration_seconds`, `thumbnail_key`, `view_count`, `created_at`) VALUES ('ep-anime-mushoku-1', 'anime-mushoku', 1, 'Episode 1', 'Detailed synopsis for episode 1.', 1440, '/demo/demo-landscape.webp', 0, (strftime('%s', 'now')));
INSERT INTO `video_sources` (`id`, `episode_id`, `quality_id`, `format_id`, `url`, `file_key`, `is_primary`, `created_at`) VALUES ('src-ep-anime-mushoku-1-360p', 'ep-anime-mushoku-1', '360p', 'mp4', 'https://cdn.zenith.dyzulk.net.eu.org/anime/demo/episode/1/360p.mp4', 'demo/360p.mp4', 0, (strftime('%s', 'now')));
INSERT INTO `video_sources` (`id`, `episode_id`, `quality_id`, `format_id`, `url`, `file_key`, `is_primary`, `created_at`) VALUES ('src-ep-anime-mushoku-1-480p', 'ep-anime-mushoku-1', '480p', 'mp4', 'https://cdn.zenith.dyzulk.net.eu.org/anime/demo/episode/1/480p.mp4', 'demo/480p.mp4', 0, (strftime('%s', 'now')));
INSERT INTO `video_sources` (`id`, `episode_id`, `quality_id`, `format_id`, `url`, `file_key`, `is_primary`, `created_at`) VALUES ('src-ep-anime-mushoku-1-720p', 'ep-anime-mushoku-1', '720p', 'mp4', 'https://cdn.zenith.dyzulk.net.eu.org/anime/demo/episode/1/720p.mp4', 'demo/720p.mp4', 0, (strftime('%s', 'now')));
INSERT INTO `video_sources` (`id`, `episode_id`, `quality_id`, `format_id`, `url`, `file_key`, `is_primary`, `created_at`) VALUES ('src-ep-anime-mushoku-1-1080p', 'ep-anime-mushoku-1', '1080p', 'mp4', 'https://cdn.zenith.dyzulk.net.eu.org/anime/demo/episode/1/1080p.mp4', 'demo/1080p.mp4', 1, (strftime('%s', 'now')));
INSERT INTO `episodes` (`id`, `anime_id`, `episode_number`, `title`, `synopsis`, `duration_seconds`, `thumbnail_key`, `view_count`, `created_at`) VALUES ('ep-anime-mushoku-2', 'anime-mushoku', 2, 'Episode 2', 'Detailed synopsis for episode 2.', 1440, '/demo/demo-landscape.webp', 0, (strftime('%s', 'now')));
INSERT INTO `video_sources` (`id`, `episode_id`, `quality_id`, `format_id`, `url`, `file_key`, `is_primary`, `created_at`) VALUES ('src-ep-anime-mushoku-2-360p', 'ep-anime-mushoku-2', '360p', 'mp4', 'https://cdn.zenith.dyzulk.net.eu.org/anime/demo/episode/1/360p.mp4', 'demo/360p.mp4', 0, (strftime('%s', 'now')));
INSERT INTO `video_sources` (`id`, `episode_id`, `quality_id`, `format_id`, `url`, `file_key`, `is_primary`, `created_at`) VALUES ('src-ep-anime-mushoku-2-480p', 'ep-anime-mushoku-2', '480p', 'mp4', 'https://cdn.zenith.dyzulk.net.eu.org/anime/demo/episode/1/480p.mp4', 'demo/480p.mp4', 0, (strftime('%s', 'now')));
INSERT INTO `video_sources` (`id`, `episode_id`, `quality_id`, `format_id`, `url`, `file_key`, `is_primary`, `created_at`) VALUES ('src-ep-anime-mushoku-2-720p', 'ep-anime-mushoku-2', '720p', 'mp4', 'https://cdn.zenith.dyzulk.net.eu.org/anime/demo/episode/1/720p.mp4', 'demo/720p.mp4', 0, (strftime('%s', 'now')));
INSERT INTO `video_sources` (`id`, `episode_id`, `quality_id`, `format_id`, `url`, `file_key`, `is_primary`, `created_at`) VALUES ('src-ep-anime-mushoku-2-1080p', 'ep-anime-mushoku-2', '1080p', 'mp4', 'https://cdn.zenith.dyzulk.net.eu.org/anime/demo/episode/1/1080p.mp4', 'demo/1080p.mp4', 1, (strftime('%s', 'now')));
INSERT INTO `episodes` (`id`, `anime_id`, `episode_number`, `title`, `synopsis`, `duration_seconds`, `thumbnail_key`, `view_count`, `created_at`) VALUES ('ep-anime-mushoku-3', 'anime-mushoku', 3, 'Episode 3', 'Detailed synopsis for episode 3.', 1440, '/demo/demo-landscape.webp', 0, (strftime('%s', 'now')));
INSERT INTO `video_sources` (`id`, `episode_id`, `quality_id`, `format_id`, `url`, `file_key`, `is_primary`, `created_at`) VALUES ('src-ep-anime-mushoku-3-360p', 'ep-anime-mushoku-3', '360p', 'mp4', 'https://cdn.zenith.dyzulk.net.eu.org/anime/demo/episode/1/360p.mp4', 'demo/360p.mp4', 0, (strftime('%s', 'now')));
INSERT INTO `video_sources` (`id`, `episode_id`, `quality_id`, `format_id`, `url`, `file_key`, `is_primary`, `created_at`) VALUES ('src-ep-anime-mushoku-3-480p', 'ep-anime-mushoku-3', '480p', 'mp4', 'https://cdn.zenith.dyzulk.net.eu.org/anime/demo/episode/1/480p.mp4', 'demo/480p.mp4', 0, (strftime('%s', 'now')));
INSERT INTO `video_sources` (`id`, `episode_id`, `quality_id`, `format_id`, `url`, `file_key`, `is_primary`, `created_at`) VALUES ('src-ep-anime-mushoku-3-720p', 'ep-anime-mushoku-3', '720p', 'mp4', 'https://cdn.zenith.dyzulk.net.eu.org/anime/demo/episode/1/720p.mp4', 'demo/720p.mp4', 0, (strftime('%s', 'now')));
INSERT INTO `video_sources` (`id`, `episode_id`, `quality_id`, `format_id`, `url`, `file_key`, `is_primary`, `created_at`) VALUES ('src-ep-anime-mushoku-3-1080p', 'ep-anime-mushoku-3', '1080p', 'mp4', 'https://cdn.zenith.dyzulk.net.eu.org/anime/demo/episode/1/1080p.mp4', 'demo/1080p.mp4', 1, (strftime('%s', 'now')));
INSERT INTO `episodes` (`id`, `anime_id`, `episode_number`, `title`, `synopsis`, `duration_seconds`, `thumbnail_key`, `view_count`, `created_at`) VALUES ('ep-anime-mushoku-4', 'anime-mushoku', 4, 'Episode 4', 'Detailed synopsis for episode 4.', 1440, '/demo/demo-landscape.webp', 0, (strftime('%s', 'now')));
INSERT INTO `video_sources` (`id`, `episode_id`, `quality_id`, `format_id`, `url`, `file_key`, `is_primary`, `created_at`) VALUES ('src-ep-anime-mushoku-4-360p', 'ep-anime-mushoku-4', '360p', 'mp4', 'https://cdn.zenith.dyzulk.net.eu.org/anime/demo/episode/1/360p.mp4', 'demo/360p.mp4', 0, (strftime('%s', 'now')));
INSERT INTO `video_sources` (`id`, `episode_id`, `quality_id`, `format_id`, `url`, `file_key`, `is_primary`, `created_at`) VALUES ('src-ep-anime-mushoku-4-480p', 'ep-anime-mushoku-4', '480p', 'mp4', 'https://cdn.zenith.dyzulk.net.eu.org/anime/demo/episode/1/480p.mp4', 'demo/480p.mp4', 0, (strftime('%s', 'now')));
INSERT INTO `video_sources` (`id`, `episode_id`, `quality_id`, `format_id`, `url`, `file_key`, `is_primary`, `created_at`) VALUES ('src-ep-anime-mushoku-4-720p', 'ep-anime-mushoku-4', '720p', 'mp4', 'https://cdn.zenith.dyzulk.net.eu.org/anime/demo/episode/1/720p.mp4', 'demo/720p.mp4', 0, (strftime('%s', 'now')));
INSERT INTO `video_sources` (`id`, `episode_id`, `quality_id`, `format_id`, `url`, `file_key`, `is_primary`, `created_at`) VALUES ('src-ep-anime-mushoku-4-1080p', 'ep-anime-mushoku-4', '1080p', 'mp4', 'https://cdn.zenith.dyzulk.net.eu.org/anime/demo/episode/1/1080p.mp4', 'demo/1080p.mp4', 1, (strftime('%s', 'now')));
INSERT INTO `episodes` (`id`, `anime_id`, `episode_number`, `title`, `synopsis`, `duration_seconds`, `thumbnail_key`, `view_count`, `created_at`) VALUES ('ep-anime-mushoku-5', 'anime-mushoku', 5, 'Episode 5', 'Detailed synopsis for episode 5.', 1440, '/demo/demo-landscape.webp', 0, (strftime('%s', 'now')));
INSERT INTO `video_sources` (`id`, `episode_id`, `quality_id`, `format_id`, `url`, `file_key`, `is_primary`, `created_at`) VALUES ('src-ep-anime-mushoku-5-360p', 'ep-anime-mushoku-5', '360p', 'mp4', 'https://cdn.zenith.dyzulk.net.eu.org/anime/demo/episode/1/360p.mp4', 'demo/360p.mp4', 0, (strftime('%s', 'now')));
INSERT INTO `video_sources` (`id`, `episode_id`, `quality_id`, `format_id`, `url`, `file_key`, `is_primary`, `created_at`) VALUES ('src-ep-anime-mushoku-5-480p', 'ep-anime-mushoku-5', '480p', 'mp4', 'https://cdn.zenith.dyzulk.net.eu.org/anime/demo/episode/1/480p.mp4', 'demo/480p.mp4', 0, (strftime('%s', 'now')));
INSERT INTO `video_sources` (`id`, `episode_id`, `quality_id`, `format_id`, `url`, `file_key`, `is_primary`, `created_at`) VALUES ('src-ep-anime-mushoku-5-720p', 'ep-anime-mushoku-5', '720p', 'mp4', 'https://cdn.zenith.dyzulk.net.eu.org/anime/demo/episode/1/720p.mp4', 'demo/720p.mp4', 0, (strftime('%s', 'now')));
INSERT INTO `video_sources` (`id`, `episode_id`, `quality_id`, `format_id`, `url`, `file_key`, `is_primary`, `created_at`) VALUES ('src-ep-anime-mushoku-5-1080p', 'ep-anime-mushoku-5', '1080p', 'mp4', 'https://cdn.zenith.dyzulk.net.eu.org/anime/demo/episode/1/1080p.mp4', 'demo/1080p.mp4', 1, (strftime('%s', 'now')));
INSERT INTO `episodes` (`id`, `anime_id`, `episode_number`, `title`, `synopsis`, `duration_seconds`, `thumbnail_key`, `view_count`, `created_at`) VALUES ('ep-anime-mushoku-6', 'anime-mushoku', 6, 'Episode 6', 'Detailed synopsis for episode 6.', 1440, '/demo/demo-landscape.webp', 0, (strftime('%s', 'now')));
INSERT INTO `video_sources` (`id`, `episode_id`, `quality_id`, `format_id`, `url`, `file_key`, `is_primary`, `created_at`) VALUES ('src-ep-anime-mushoku-6-360p', 'ep-anime-mushoku-6', '360p', 'mp4', 'https://cdn.zenith.dyzulk.net.eu.org/anime/demo/episode/1/360p.mp4', 'demo/360p.mp4', 0, (strftime('%s', 'now')));
INSERT INTO `video_sources` (`id`, `episode_id`, `quality_id`, `format_id`, `url`, `file_key`, `is_primary`, `created_at`) VALUES ('src-ep-anime-mushoku-6-480p', 'ep-anime-mushoku-6', '480p', 'mp4', 'https://cdn.zenith.dyzulk.net.eu.org/anime/demo/episode/1/480p.mp4', 'demo/480p.mp4', 0, (strftime('%s', 'now')));
INSERT INTO `video_sources` (`id`, `episode_id`, `quality_id`, `format_id`, `url`, `file_key`, `is_primary`, `created_at`) VALUES ('src-ep-anime-mushoku-6-720p', 'ep-anime-mushoku-6', '720p', 'mp4', 'https://cdn.zenith.dyzulk.net.eu.org/anime/demo/episode/1/720p.mp4', 'demo/720p.mp4', 0, (strftime('%s', 'now')));
INSERT INTO `video_sources` (`id`, `episode_id`, `quality_id`, `format_id`, `url`, `file_key`, `is_primary`, `created_at`) VALUES ('src-ep-anime-mushoku-6-1080p', 'ep-anime-mushoku-6', '1080p', 'mp4', 'https://cdn.zenith.dyzulk.net.eu.org/anime/demo/episode/1/1080p.mp4', 'demo/1080p.mp4', 1, (strftime('%s', 'now')));
INSERT INTO `episodes` (`id`, `anime_id`, `episode_number`, `title`, `synopsis`, `duration_seconds`, `thumbnail_key`, `view_count`, `created_at`) VALUES ('ep-anime-mushoku-7', 'anime-mushoku', 7, 'Episode 7', 'Detailed synopsis for episode 7.', 1440, '/demo/demo-landscape.webp', 0, (strftime('%s', 'now')));
INSERT INTO `video_sources` (`id`, `episode_id`, `quality_id`, `format_id`, `url`, `file_key`, `is_primary`, `created_at`) VALUES ('src-ep-anime-mushoku-7-360p', 'ep-anime-mushoku-7', '360p', 'mp4', 'https://cdn.zenith.dyzulk.net.eu.org/anime/demo/episode/1/360p.mp4', 'demo/360p.mp4', 0, (strftime('%s', 'now')));
INSERT INTO `video_sources` (`id`, `episode_id`, `quality_id`, `format_id`, `url`, `file_key`, `is_primary`, `created_at`) VALUES ('src-ep-anime-mushoku-7-480p', 'ep-anime-mushoku-7', '480p', 'mp4', 'https://cdn.zenith.dyzulk.net.eu.org/anime/demo/episode/1/480p.mp4', 'demo/480p.mp4', 0, (strftime('%s', 'now')));
INSERT INTO `video_sources` (`id`, `episode_id`, `quality_id`, `format_id`, `url`, `file_key`, `is_primary`, `created_at`) VALUES ('src-ep-anime-mushoku-7-720p', 'ep-anime-mushoku-7', '720p', 'mp4', 'https://cdn.zenith.dyzulk.net.eu.org/anime/demo/episode/1/720p.mp4', 'demo/720p.mp4', 0, (strftime('%s', 'now')));
INSERT INTO `video_sources` (`id`, `episode_id`, `quality_id`, `format_id`, `url`, `file_key`, `is_primary`, `created_at`) VALUES ('src-ep-anime-mushoku-7-1080p', 'ep-anime-mushoku-7', '1080p', 'mp4', 'https://cdn.zenith.dyzulk.net.eu.org/anime/demo/episode/1/1080p.mp4', 'demo/1080p.mp4', 1, (strftime('%s', 'now')));
INSERT INTO `episodes` (`id`, `anime_id`, `episode_number`, `title`, `synopsis`, `duration_seconds`, `thumbnail_key`, `view_count`, `created_at`) VALUES ('ep-anime-mushoku-8', 'anime-mushoku', 8, 'Episode 8', 'Detailed synopsis for episode 8.', 1440, '/demo/demo-landscape.webp', 0, (strftime('%s', 'now')));
INSERT INTO `video_sources` (`id`, `episode_id`, `quality_id`, `format_id`, `url`, `file_key`, `is_primary`, `created_at`) VALUES ('src-ep-anime-mushoku-8-360p', 'ep-anime-mushoku-8', '360p', 'mp4', 'https://cdn.zenith.dyzulk.net.eu.org/anime/demo/episode/1/360p.mp4', 'demo/360p.mp4', 0, (strftime('%s', 'now')));
INSERT INTO `video_sources` (`id`, `episode_id`, `quality_id`, `format_id`, `url`, `file_key`, `is_primary`, `created_at`) VALUES ('src-ep-anime-mushoku-8-480p', 'ep-anime-mushoku-8', '480p', 'mp4', 'https://cdn.zenith.dyzulk.net.eu.org/anime/demo/episode/1/480p.mp4', 'demo/480p.mp4', 0, (strftime('%s', 'now')));
INSERT INTO `video_sources` (`id`, `episode_id`, `quality_id`, `format_id`, `url`, `file_key`, `is_primary`, `created_at`) VALUES ('src-ep-anime-mushoku-8-720p', 'ep-anime-mushoku-8', '720p', 'mp4', 'https://cdn.zenith.dyzulk.net.eu.org/anime/demo/episode/1/720p.mp4', 'demo/720p.mp4', 0, (strftime('%s', 'now')));
INSERT INTO `video_sources` (`id`, `episode_id`, `quality_id`, `format_id`, `url`, `file_key`, `is_primary`, `created_at`) VALUES ('src-ep-anime-mushoku-8-1080p', 'ep-anime-mushoku-8', '1080p', 'mp4', 'https://cdn.zenith.dyzulk.net.eu.org/anime/demo/episode/1/1080p.mp4', 'demo/1080p.mp4', 1, (strftime('%s', 'now')));
INSERT INTO `episodes` (`id`, `anime_id`, `episode_number`, `title`, `synopsis`, `duration_seconds`, `thumbnail_key`, `view_count`, `created_at`) VALUES ('ep-anime-mushoku-9', 'anime-mushoku', 9, 'Episode 9', 'Detailed synopsis for episode 9.', 1440, '/demo/demo-landscape.webp', 0, (strftime('%s', 'now')));
INSERT INTO `video_sources` (`id`, `episode_id`, `quality_id`, `format_id`, `url`, `file_key`, `is_primary`, `created_at`) VALUES ('src-ep-anime-mushoku-9-360p', 'ep-anime-mushoku-9', '360p', 'mp4', 'https://cdn.zenith.dyzulk.net.eu.org/anime/demo/episode/1/360p.mp4', 'demo/360p.mp4', 0, (strftime('%s', 'now')));
INSERT INTO `video_sources` (`id`, `episode_id`, `quality_id`, `format_id`, `url`, `file_key`, `is_primary`, `created_at`) VALUES ('src-ep-anime-mushoku-9-480p', 'ep-anime-mushoku-9', '480p', 'mp4', 'https://cdn.zenith.dyzulk.net.eu.org/anime/demo/episode/1/480p.mp4', 'demo/480p.mp4', 0, (strftime('%s', 'now')));
INSERT INTO `video_sources` (`id`, `episode_id`, `quality_id`, `format_id`, `url`, `file_key`, `is_primary`, `created_at`) VALUES ('src-ep-anime-mushoku-9-720p', 'ep-anime-mushoku-9', '720p', 'mp4', 'https://cdn.zenith.dyzulk.net.eu.org/anime/demo/episode/1/720p.mp4', 'demo/720p.mp4', 0, (strftime('%s', 'now')));
INSERT INTO `video_sources` (`id`, `episode_id`, `quality_id`, `format_id`, `url`, `file_key`, `is_primary`, `created_at`) VALUES ('src-ep-anime-mushoku-9-1080p', 'ep-anime-mushoku-9', '1080p', 'mp4', 'https://cdn.zenith.dyzulk.net.eu.org/anime/demo/episode/1/1080p.mp4', 'demo/1080p.mp4', 1, (strftime('%s', 'now')));
INSERT INTO `episodes` (`id`, `anime_id`, `episode_number`, `title`, `synopsis`, `duration_seconds`, `thumbnail_key`, `view_count`, `created_at`) VALUES ('ep-anime-mushoku-10', 'anime-mushoku', 10, 'Episode 10', 'Detailed synopsis for episode 10.', 1440, '/demo/demo-landscape.webp', 0, (strftime('%s', 'now')));
INSERT INTO `video_sources` (`id`, `episode_id`, `quality_id`, `format_id`, `url`, `file_key`, `is_primary`, `created_at`) VALUES ('src-ep-anime-mushoku-10-360p', 'ep-anime-mushoku-10', '360p', 'mp4', 'https://cdn.zenith.dyzulk.net.eu.org/anime/demo/episode/1/360p.mp4', 'demo/360p.mp4', 0, (strftime('%s', 'now')));
INSERT INTO `video_sources` (`id`, `episode_id`, `quality_id`, `format_id`, `url`, `file_key`, `is_primary`, `created_at`) VALUES ('src-ep-anime-mushoku-10-480p', 'ep-anime-mushoku-10', '480p', 'mp4', 'https://cdn.zenith.dyzulk.net.eu.org/anime/demo/episode/1/480p.mp4', 'demo/480p.mp4', 0, (strftime('%s', 'now')));
INSERT INTO `video_sources` (`id`, `episode_id`, `quality_id`, `format_id`, `url`, `file_key`, `is_primary`, `created_at`) VALUES ('src-ep-anime-mushoku-10-720p', 'ep-anime-mushoku-10', '720p', 'mp4', 'https://cdn.zenith.dyzulk.net.eu.org/anime/demo/episode/1/720p.mp4', 'demo/720p.mp4', 0, (strftime('%s', 'now')));
INSERT INTO `video_sources` (`id`, `episode_id`, `quality_id`, `format_id`, `url`, `file_key`, `is_primary`, `created_at`) VALUES ('src-ep-anime-mushoku-10-1080p', 'ep-anime-mushoku-10', '1080p', 'mp4', 'https://cdn.zenith.dyzulk.net.eu.org/anime/demo/episode/1/1080p.mp4', 'demo/1080p.mp4', 1, (strftime('%s', 'now')));
INSERT INTO `episodes` (`id`, `anime_id`, `episode_number`, `title`, `synopsis`, `duration_seconds`, `thumbnail_key`, `view_count`, `created_at`) VALUES ('ep-anime-mushoku-11', 'anime-mushoku', 11, 'Episode 11', 'Detailed synopsis for episode 11.', 1440, '/demo/demo-landscape.webp', 0, (strftime('%s', 'now')));
INSERT INTO `video_sources` (`id`, `episode_id`, `quality_id`, `format_id`, `url`, `file_key`, `is_primary`, `created_at`) VALUES ('src-ep-anime-mushoku-11-360p', 'ep-anime-mushoku-11', '360p', 'mp4', 'https://cdn.zenith.dyzulk.net.eu.org/anime/demo/episode/1/360p.mp4', 'demo/360p.mp4', 0, (strftime('%s', 'now')));
INSERT INTO `video_sources` (`id`, `episode_id`, `quality_id`, `format_id`, `url`, `file_key`, `is_primary`, `created_at`) VALUES ('src-ep-anime-mushoku-11-480p', 'ep-anime-mushoku-11', '480p', 'mp4', 'https://cdn.zenith.dyzulk.net.eu.org/anime/demo/episode/1/480p.mp4', 'demo/480p.mp4', 0, (strftime('%s', 'now')));
INSERT INTO `video_sources` (`id`, `episode_id`, `quality_id`, `format_id`, `url`, `file_key`, `is_primary`, `created_at`) VALUES ('src-ep-anime-mushoku-11-720p', 'ep-anime-mushoku-11', '720p', 'mp4', 'https://cdn.zenith.dyzulk.net.eu.org/anime/demo/episode/1/720p.mp4', 'demo/720p.mp4', 0, (strftime('%s', 'now')));
INSERT INTO `video_sources` (`id`, `episode_id`, `quality_id`, `format_id`, `url`, `file_key`, `is_primary`, `created_at`) VALUES ('src-ep-anime-mushoku-11-1080p', 'ep-anime-mushoku-11', '1080p', 'mp4', 'https://cdn.zenith.dyzulk.net.eu.org/anime/demo/episode/1/1080p.mp4', 'demo/1080p.mp4', 1, (strftime('%s', 'now')));
INSERT INTO `episodes` (`id`, `anime_id`, `episode_number`, `title`, `synopsis`, `duration_seconds`, `thumbnail_key`, `view_count`, `created_at`) VALUES ('ep-anime-mushoku-12', 'anime-mushoku', 12, 'Episode 12', 'Detailed synopsis for episode 12.', 1440, '/demo/demo-landscape.webp', 0, (strftime('%s', 'now')));
INSERT INTO `video_sources` (`id`, `episode_id`, `quality_id`, `format_id`, `url`, `file_key`, `is_primary`, `created_at`) VALUES ('src-ep-anime-mushoku-12-360p', 'ep-anime-mushoku-12', '360p', 'mp4', 'https://cdn.zenith.dyzulk.net.eu.org/anime/demo/episode/1/360p.mp4', 'demo/360p.mp4', 0, (strftime('%s', 'now')));
INSERT INTO `video_sources` (`id`, `episode_id`, `quality_id`, `format_id`, `url`, `file_key`, `is_primary`, `created_at`) VALUES ('src-ep-anime-mushoku-12-480p', 'ep-anime-mushoku-12', '480p', 'mp4', 'https://cdn.zenith.dyzulk.net.eu.org/anime/demo/episode/1/480p.mp4', 'demo/480p.mp4', 0, (strftime('%s', 'now')));
INSERT INTO `video_sources` (`id`, `episode_id`, `quality_id`, `format_id`, `url`, `file_key`, `is_primary`, `created_at`) VALUES ('src-ep-anime-mushoku-12-720p', 'ep-anime-mushoku-12', '720p', 'mp4', 'https://cdn.zenith.dyzulk.net.eu.org/anime/demo/episode/1/720p.mp4', 'demo/720p.mp4', 0, (strftime('%s', 'now')));
INSERT INTO `video_sources` (`id`, `episode_id`, `quality_id`, `format_id`, `url`, `file_key`, `is_primary`, `created_at`) VALUES ('src-ep-anime-mushoku-12-1080p', 'ep-anime-mushoku-12', '1080p', 'mp4', 'https://cdn.zenith.dyzulk.net.eu.org/anime/demo/episode/1/1080p.mp4', 'demo/1080p.mp4', 1, (strftime('%s', 'now')));
PRAGMA foreign_keys = ON;
